URL,Page Type,Primary Topic,Primary Search Intent,Target Service/Category,LA/Local Relevance,Title,H1,Canonical,Indexability,Content Depth,Internal Links In,Internal Links Out,CTA Present,Author/Expertise Signals,External Citations,Freshness,Cannibalization Group,Recommended Action
https://cash4goldanddiamond.com/best-gemstone-ring-buyers-los-angeles/,Supporting article,"Sell a Large, High-Quality Gemstone Ring in Los Angeles","Prepare a colored-stone ring for an in-person purchase evaluation, including uncertainty about identification and treatment.",/sell-gemstones-for-cash-in-los-angeles/,Yes,"Sell a Large, High-Quality Gemstone Ring in Los Angeles","Sell a Large, High-Quality Gemstone Ring in Los Angeles",https://cash4goldanddiamond.com/best-gemstone-ring-buyers-los-angeles/,"Indexable (follow, index)",811 words - Deep (800+ words),79,15,Yes,"Byline: ""Navid · September 8, 2026""; schema: BlogPosting","2 (www.gia.edu, 4cs.gia.edu)",2026-09-10T13:50:17.808Z,None detected (nearest text peer below 0.15 similarity threshold),KEEP
https://cash4goldanddiamond.com/,Homepage,"Downtown LA Gold, Diamond & Rolex Buyer | Cash 4 Gold & Diamonds",Gold Buyer Los Angeles | Cash 4 Gold & Diamonds,All services (homepage),Yes,"Sell Gold, Diamonds & Watches in LA | Cash 4 Gold & Diamonds","Sell Gold, Diamonds & Luxury Watches in Los Angeles",https://cash4goldanddiamond.com/,"Indexable (follow, index)",570 words - Moderate (300-800 words),202,16,Yes,No visible byline; schema: WebPage,1 (www.google.com),No article:modified_time/published_time meta found,None detected (nearest text peer below 0.15 similarity threshold),NOT PREVIOUSLY REVIEWED - needs manual editorial pass before any action
https://cash4goldanddiamond.com/sell-luxury-watch-same-day-cash-los-angeles/,Supporting article,Selling a Luxury Watch in Los Angeles: Timing & Payment,Explain what a time-sensitive luxury-watch seller should confirm before visiting and accepting payment.,/sell-luxury-watches-in-los-angeles/,Yes,Selling a Luxury Watch in Los Angeles: Timing & Payment,Selling a Luxury Watch in Los Angeles: Timing & Payment,https://cash4goldanddiamond.com/sell-luxury-watch-same-day-cash-los-angeles/,"Indexable (follow, index)",773 words - Moderate (300-800 words),3,16,Yes,"Byline: ""Navid · August 28, 2026""; schema: BlogPosting",1 (www.rolex.com),2026-09-09T22:52:15.992Z,None detected (nearest text peer below 0.15 similarity threshold),KEEP
https://cash4goldanddiamond.com/gold-coins-buyer-near-me-downtown/,Supporting article,Gold Coin Buyers in Downtown LA: Preparing Your Collection,Organize a single gold coin or large mixed gold-and-silver collection before a Downtown LA appointment.,/sell-your-golds/,Yes,Gold Coin Buyers in Downtown LA: Preparing Your Collection,Gold Coin Buyers in Downtown LA: Preparing Your Collection,https://cash4goldanddiamond.com/gold-coins-buyer-near-me-downtown/,"Indexable (follow, index)",710 words - Moderate (300-800 words),13,17,Yes,"Byline: ""Navid · June 25, 2026""; schema: BlogPosting","2 (www.usmint.gov, www.gold.org)",2026-09-09T22:52:15.992Z,None detected (nearest text peer below 0.15 similarity threshold),KEEP
https://cash4goldanddiamond.com/large-diamond-buyer-los-angeles/,Supporting article,Large Diamond Buyer in Downtown Los Angeles,"Convert the former rough-diamond article to the owner-confirmed large natural polished diamond buying service, accepting any size and any shape.",/sell-your-diamonds-in-los-angeles/,Yes,Large Diamond Buyer in Downtown Los Angeles,Large Diamond Buyer in Downtown Los Angeles,https://cash4goldanddiamond.com/large-diamond-buyer-los-angeles/,"Indexable (follow, index)",723 words - Moderate (300-800 words),14,16,Yes,"Byline: ""Navid · August 14, 2026""; schema: BlogPosting",1 (www.gia.edu),2026-09-10T14:10:51.541Z,None detected (nearest text peer below 0.15 similarity threshold),KEEP
https://cash4goldanddiamond.com/gold-buyer-downtown-los-angeles/,Supporting article,Choosing a Gold Buyer in Downtown Los Angeles,Compare gold buyers using like-for-like offers and transparent evaluation criteria.,/sell-your-golds/,Yes,Choosing a Gold Buyer in Downtown Los Angeles,Choosing a Gold Buyer in Downtown Los Angeles,https://cash4goldanddiamond.com/gold-buyer-downtown-los-angeles/,"Indexable (follow, index)",917 words - Deep (800+ words),8,17,Yes,"Byline: ""Navid · July 21, 2026""; schema: BlogPosting","2 (consumer.ftc.gov, www.gold.org)",2026-09-09T22:23:58.447Z,None detected (nearest text peer below 0.15 similarity threshold),KEEP
https://cash4goldanddiamond.com/sell-gold-coins-best-price-los-angeles/,Supporting article,Selling Gold Coins in Los Angeles: Compare Purchase Offers,"Compare actual coin offers, distinguishing fine-gold content, collectible premiums and transaction terms.",/sell-your-golds/,Yes,Selling Gold Coins in Los Angeles: Compare Purchase Offers,Selling Gold Coins in Los Angeles: Compare Purchase Offers,https://cash4goldanddiamond.com/sell-gold-coins-best-price-los-angeles/,"Indexable (follow, index)",746 words - Moderate (300-800 words),84,17,Yes,"Byline: ""Navid · September 9, 2026""; schema: BlogPosting","2 (www.usmint.gov, www.gold.org)",2026-09-09T22:52:15.992Z,None detected (nearest text peer below 0.15 similarity threshold),KEEP
https://cash4goldanddiamond.com/where-to-sell-fine-jewelry-downtown-los-angeles/,Supporting article,Sell Fine Jewelry in Downtown Los Angeles: What to Bring,"Help Downtown LA sellers prepare fine jewelry as complete objects with materials, maker, condition and documents considered.",/sell-estate-jewelry-los-angeles/,Yes,Sell Fine Jewelry in Downtown Los Angeles: What to Bring,Sell Fine Jewelry in Downtown Los Angeles: What to Bring,https://cash4goldanddiamond.com/where-to-sell-fine-jewelry-downtown-los-angeles/,"Indexable (follow, index)",623 words - Moderate (300-800 words),78,20,Yes,"Byline: ""Navid · September 7, 2026""; schema: BlogPosting","2 (4cs.gia.edu, www.gia.edu)",2026-09-10T03:40:35.476Z,None detected (nearest text peer below 0.15 similarity threshold),KEEP
https://cash4goldanddiamond.com/best-price-for-diamonds-in-la/,Supporting article,Comparing Diamond Purchase Offers in Los Angeles,Give diamond sellers a consistent comparison method instead of mixing retail shopping recommendations and resale expectations.,/sell-your-diamonds-in-los-angeles/,Yes,Comparing Diamond Purchase Offers in Los Angeles,Comparing Diamond Purchase Offers in Los Angeles,https://cash4goldanddiamond.com/best-price-for-diamonds-in-la/,"Indexable (follow, index)",652 words - Moderate (300-800 words),12,17,Yes,"Byline: ""Navid · August 10, 2026""; schema: BlogPosting","2 (www.gia.edu, 4cs.gia.edu)",2026-09-10T03:51:40.058Z,None detected (nearest text peer below 0.15 similarity threshold),KEEP
https://cash4goldanddiamond.com/best-certified-diamond-appraisers-los-angeles/,Supporting article,Choosing a Diamond Appraiser in Los Angeles: Purpose & Reports,"Choose an appraisal service by its purpose, required scope and verified professional qualifications.",/sell-your-diamonds-in-los-angeles/,Yes,Choosing a Diamond Appraiser in Los Angeles: Purpose & Reports,Choosing a Diamond Appraiser in Los Angeles: Purpose & Reports,https://cash4goldanddiamond.com/best-certified-diamond-appraisers-los-angeles/,"Indexable (follow, index)",755 words - Moderate (300-800 words),77,16,Yes,"Byline: ""Navid · September 6, 2026""; schema: BlogPosting","2 (4cs.gia.edu, www.gia.edu)",2026-09-10T04:38:10.373Z,None detected (nearest text peer below 0.15 similarity threshold),KEEP
https://cash4goldanddiamond.com/best-gold-bracelet-buyers-los-angeles-2026/,Supporting article,Selling Gold Bracelets in Los Angeles: Cuban Links & Scrap,"Evaluate Cuban bracelets, bangles, damaged gold and diamond-set bracelets as distinct constructions.",/sell-your-golds/,Yes,Selling Gold Bracelets in Los Angeles: Cuban Links & Scrap,Selling Gold Bracelets in Los Angeles: Cuban Links & Scrap,https://cash4goldanddiamond.com/best-gold-bracelet-buyers-los-angeles-2026/,"Indexable (follow, index)",935 words - Deep (800+ words),82,16,Yes,"Byline: ""Navid · September 5, 2026""; schema: BlogPosting","2 (consumer.ftc.gov, www.gia.edu)",2026-09-09T22:23:58.447Z,None detected (nearest text peer below 0.15 similarity threshold),KEEP
https://cash4goldanddiamond.com/best-vintage-rolex-buyer-downtown-los-angeles-2026/,Supporting article,Vintage Rolex Buyer in Downtown LA: Originality & Records,Evaluate an older Rolex without damaging or inventing its provenance.,/sell-luxury-watches-in-los-angeles/,Yes,Vintage Rolex Buyer in Downtown LA: Originality & Records,Vintage Rolex Buyer in Downtown LA: Originality & Records,https://cash4goldanddiamond.com/best-vintage-rolex-buyer-downtown-los-angeles-2026/,"Indexable (follow, index)",665 words - Moderate (300-800 words),6,15,Yes,"Byline: ""Navid · August 22, 2026""; schema: BlogPosting",1 (www.rolex.com),2026-09-10T13:43:55.944Z,None detected (nearest text peer below 0.15 similarity threshold),KEEP
https://cash4goldanddiamond.com/best-diamond-buyers-los-angeles-2026/,Supporting article,Choosing a Diamond Buyer in Los Angeles: A Seller’s Checklist,"Choose a Los Angeles diamond buyer by checking the evaluation process, offer terms and actual business details.",/sell-your-diamonds-in-los-angeles/,Yes,Choosing a Diamond Buyer in Los Angeles: A Seller’s Checklist,Choosing a Diamond Buyer in Los Angeles: A Seller’s Checklist,https://cash4goldanddiamond.com/best-diamond-buyers-los-angeles-2026/,"Indexable (follow, index)",796 words - Moderate (300-800 words),7,16,Yes,"Byline: ""Navid · August 10, 2026""; schema: BlogPosting","2 (www.gia.edu, 4cs.gia.edu)",2026-09-10T13:14:23.748Z,None detected (nearest text peer below 0.15 similarity threshold),KEEP
https://cash4goldanddiamond.com/best-estate-jewelry-buyers-los-angeles-2026/,Supporting article,Estate Jewelry Buyers in Los Angeles: How to Compare Offers,Choose an estate jewelry buyer whose evaluation and purchase terms fit the individual pieces in a mixed collection.,/sell-estate-jewelry-los-angeles/,Yes,Estate Jewelry Buyers in Los Angeles: How to Compare Offers,Estate Jewelry Buyers in Los Angeles: How to Compare Offers,https://cash4goldanddiamond.com/best-estate-jewelry-buyers-los-angeles-2026/,"Indexable (follow, index)",721 words - Moderate (300-800 words),12,16,Yes,"Byline: ""Navid · July 11, 2026""; schema: BlogPosting","2 (4cs.gia.edu, consumer.ftc.gov)",2026-09-10T13:43:55.944Z,None detected (nearest text peer below 0.15 similarity threshold),KEEP
https://cash4goldanddiamond.com/best-gold-coin-buyers-los-angeles-2026/,Supporting article,Choosing a Gold Coin Buyer in Los Angeles: Questions to Ask,"Choose a suitable evaluation route for bullion, collectible coins or a mixed collection.",/sell-your-golds/,Yes,Choosing a Gold Coin Buyer in Los Angeles: Questions to Ask,Choosing a Gold Coin Buyer in Los Angeles: Questions to Ask,https://cash4goldanddiamond.com/best-gold-coin-buyers-los-angeles-2026/,"Indexable (follow, index)",654 words - Moderate (300-800 words),5,18,Yes,"Byline: ""Navid · July 6, 2026""; schema: BlogPosting","2 (www.usmint.gov, www.gold.org)",2026-09-09T22:52:15.992Z,None detected (nearest text peer below 0.15 similarity threshold),MERGE
https://cash4goldanddiamond.com/gia-certified-lab-grown-diamonds-buyers-ranked-2026/,Supporting article,Lab-Grown Diamond Reports: Identification & Our Buying Policy,Explain laboratory-grown report identification while clearly stating that this business buys natural polished diamonds only.,/sell-your-diamonds-in-los-angeles/,Yes,Lab-Grown Diamond Reports: Identification & Our Buying Policy,Lab-Grown Diamond Reports: Identification & Our Buying Policy,https://cash4goldanddiamond.com/gia-certified-lab-grown-diamonds-buyers-ranked-2026/,"Indexable (follow, index)",783 words - Moderate (300-800 words),3,16,Yes,"Byline: ""Navid · August 10, 2026""; schema: BlogPosting","2 (www.gia.edu, 4cs.gia.edu)",2026-09-10T14:10:51.541Z,None detected (nearest text peer below 0.15 similarity threshold),KEEP
https://cash4goldanddiamond.com/what-makes-a-jewelry-buyer-trustworthy-los-angeles/,Supporting article,What Makes a Jewelry Buyer Trustworthy? Questions to Ask in LA,"Give sellers observable questions about item handling, evaluation, credentials and written transaction terms.",/sell-estate-jewelry-los-angeles/,Yes,What Makes a Jewelry Buyer Trustworthy? Questions to Ask in LA,What Makes a Jewelry Buyer Trustworthy? Questions to Ask in LA,https://cash4goldanddiamond.com/what-makes-a-jewelry-buyer-trustworthy-los-angeles/,"Indexable (follow, index)",757 words - Moderate (300-800 words),8,16,Yes,"Byline: ""Navid · August 31, 2026""; schema: BlogPosting","2 (www.gia.edu, consumer.ftc.gov)",2026-09-10T13:43:55.944Z,None detected (nearest text peer below 0.15 similarity threshold),KEEP
https://cash4goldanddiamond.com/gia-certified-diamonds-comparison-2026/,Supporting article,GIA Diamond Reports: What to Check Before Selling,Read and match an existing GIA natural-diamond report before comparing purchase offers.,/sell-your-diamonds-in-los-angeles/,Not explicit in title/H1/intent (may still be implicit via footer NAP/schema),GIA Diamond Reports: What to Check Before Selling,GIA Diamond Reports: What to Check Before Selling,https://cash4goldanddiamond.com/gia-certified-diamonds-comparison-2026/,"Indexable (follow, index)",691 words - Moderate (300-800 words),6,16,Yes,"Byline: ""Navid · August 10, 2026""; schema: BlogPosting","2 (www.gia.edu, 4cs.gia.edu)",2026-09-10T14:10:51.541Z,None detected (nearest text peer below 0.15 similarity threshold),KEEP
https://cash4goldanddiamond.com/sell-gold-jewelry-downtown-los-angeles/,Supporting article,Sell Gold Jewelry in Downtown Los Angeles: What to Bring,Give a practical packing and appointment checklist for a mixed gold-jewelry collection.,/sell-your-golds/,Yes,Sell Gold Jewelry in Downtown Los Angeles: What to Bring,Sell Gold Jewelry in Downtown Los Angeles: What to Bring,https://cash4goldanddiamond.com/sell-gold-jewelry-downtown-los-angeles/,"Indexable (follow, index)",740 words - Moderate (300-800 words),14,19,Yes,"Byline: ""Navid · August 10, 2026""; schema: BlogPosting","2 (consumer.ftc.gov, www.gold.org)",2026-09-09T22:52:15.992Z,None detected (nearest text peer below 0.15 similarity threshold),IMPROVE
https://cash4goldanddiamond.com/jewelry-district-gold-buyer-los-angeles/,Supporting article,Selling Gold in the LA Jewelry District: Plan Your Visit,"Plan an efficient Jewelry District visit with a mixed gold collection, clear inventory and comparable offers.",/sell-your-golds/,Yes,Selling Gold in the LA Jewelry District: Plan Your Visit,Selling Gold in the LA Jewelry District: Plan Your Visit,https://cash4goldanddiamond.com/jewelry-district-gold-buyer-los-angeles/,"Indexable (follow, index)",746 words - Moderate (300-800 words),7,19,Yes,"Byline: ""Navid · July 5, 2026""; schema: BlogPosting","2 (consumer.ftc.gov, www.gold.org)",2026-09-09T22:52:15.992Z,None detected (nearest text peer below 0.15 similarity threshold),MERGE
https://cash4goldanddiamond.com/sell-diamond-necklace-for-cash-los-angeles/,Supporting article,Sell a Diamond Necklace in Los Angeles: Pendants & Collections,Prepare diamond necklaces as complete designs and distinguish total diamond weight from an individual stone.,/sell-your-diamonds-in-los-angeles/,Yes,Sell a Diamond Necklace in Los Angeles: Pendants & Collections,Sell a Diamond Necklace in Los Angeles: Pendants & Collections,https://cash4goldanddiamond.com/sell-diamond-necklace-for-cash-los-angeles/,"Indexable (follow, index)",683 words - Moderate (300-800 words),4,17,Yes,"Byline: ""Navid · August 23, 2026""; schema: BlogPosting","2 (www.gia.edu, 4cs.gia.edu)",2026-09-10T04:38:10.373Z,None detected (nearest text peer below 0.15 similarity threshold),KEEP
https://cash4goldanddiamond.com/free-diamond-appraisal-same-day-cash/,Supporting article,Diamond Purchase Evaluation vs Insurance Appraisal: What to Ask,Distinguish a purchase evaluation from a formal appraisal and clarify timing and payment questions.,/sell-your-diamonds-in-los-angeles/,Yes,Diamond Purchase Evaluation vs Insurance Appraisal: What to Ask,Diamond Purchase Evaluation vs Insurance Appraisal: What to Ask,https://cash4goldanddiamond.com/free-diamond-appraisal-same-day-cash/,"Indexable (follow, index)",677 words - Moderate (300-800 words),6,16,Yes,"Byline: ""Navid · August 10, 2026""; schema: BlogPosting","2 (4cs.gia.edu, www.gia.edu)",2026-09-10T04:38:10.373Z,None detected (nearest text peer below 0.15 similarity threshold),KEEP
https://cash4goldanddiamond.com/diamond-price-guide-2026/,Supporting article,Natural Diamond Price Guide: Understanding a Purchase Offer,Help natural-diamond sellers interpret price information and request an item-specific offer without fabricated market benchmarks.,/sell-your-diamonds-in-los-angeles/,Not explicit in title/H1/intent (may still be implicit via footer NAP/schema),Natural Diamond Price Guide: Understanding a Purchase Offer,Natural Diamond Price Guide: Understanding a Purchase Offer,https://cash4goldanddiamond.com/diamond-price-guide-2026/,"Indexable (follow, index)",797 words - Moderate (300-800 words),3,16,Yes,"Byline: ""Navid · June 28, 2026""; schema: BlogPosting","2 (4cs.gia.edu, www.gia.edu)",2026-09-10T14:10:51.541Z,None detected (nearest text peer below 0.15 similarity threshold),KEEP
https://cash4goldanddiamond.com/loose-diamond-appraisal-downtown-los-angeles/,Supporting article,Loose Diamond Evaluation in Downtown LA: What to Prepare,Prepare loose natural diamonds and matching records for an item-specific Downtown LA evaluation.,/sell-your-diamonds-in-los-angeles/,Yes,Loose Diamond Evaluation in Downtown LA: What to Prepare,Loose Diamond Evaluation in Downtown LA: What to Prepare,https://cash4goldanddiamond.com/loose-diamond-appraisal-downtown-los-angeles/,"Indexable (follow, index)",734 words - Moderate (300-800 words),6,18,Yes,"Byline: ""Navid · August 24, 2026""; schema: BlogPosting","2 (www.gia.edu, 4cs.gia.edu)",2026-09-10T14:10:51.541Z,None detected (nearest text peer below 0.15 similarity threshold),KEEP
https://cash4goldanddiamond.com/best-sapphire-diamond-jewelry-buyers-los-angeles/,Supporting article,"Sell Large, High-Quality Sapphire & Diamond Jewelry in Los Angeles","Prepare large, high-quality sapphire jewelry with natural diamonds for an evaluation, with optional reports and clearly identified origin claims.",/sell-gemstones-for-cash-in-los-angeles/,Yes,"Sell Large, High-Quality Sapphire & Diamond Jewelry in Los Angeles","Sell Large, High-Quality Sapphire & Diamond Jewelry in Los Angeles",https://cash4goldanddiamond.com/best-sapphire-diamond-jewelry-buyers-los-angeles/,"Indexable (follow, index)",695 words - Moderate (300-800 words),7,16,Yes,"Byline: ""Navid · September 4, 2026""; schema: BlogPosting",1 (www.gia.edu),2026-09-10T13:43:55.944Z,None detected (nearest text peer below 0.15 similarity threshold),KEEP
https://cash4goldanddiamond.com/best-14k-solid-gold-rings-2026-top-buyers-sellers-ranked/,Supporting article,"14K Solid Gold Rings: Markings, Construction & Resale",Understand what solid construction and a 14K marking do—and do not—tell a ring owner.,/sell-your-golds/,Not explicit in title/H1/intent (may still be implicit via footer NAP/schema),"14K Solid Gold Rings: Markings, Construction & Resale","14K Solid Gold Rings: Markings, Construction & Resale",https://cash4goldanddiamond.com/best-14k-solid-gold-rings-2026-top-buyers-sellers-ranked/,"Indexable (follow, index)",589 words - Moderate (300-800 words),8,17,Yes,"Byline: ""Navid · August 10, 2026""; schema: BlogPosting","2 (www.gold.org, consumer.ftc.gov)",2026-09-09T22:52:15.992Z,None detected (nearest text peer below 0.15 similarity threshold),KEEP
https://cash4goldanddiamond.com/best-22k-gold-jewelry-2026-top-5-buyers-sellers-ranked/,Supporting article,"22K Gold Jewelry: Purity, Weight & Selling in Los Angeles","Prepare high-purity 22K jewelry for evaluation without confusing gross weight, durability or retail premiums with payout.",/sell-your-golds/,Yes,"22K Gold Jewelry: Purity, Weight & Selling in Los Angeles","22K Gold Jewelry: Purity, Weight & Selling in Los Angeles",https://cash4goldanddiamond.com/best-22k-gold-jewelry-2026-top-5-buyers-sellers-ranked/,"Indexable (follow, index)",615 words - Moderate (300-800 words),9,17,Yes,"Byline: ""Navid · August 13, 2026""; schema: BlogPosting","2 (www.gold.org, consumer.ftc.gov)",2026-09-09T22:52:15.992Z,None detected (nearest text peer below 0.15 similarity threshold),KEEP
https://cash4goldanddiamond.com/how-much-is-my-gold-worth-valuation-guide-2026/,Supporting article,How Much Is My Gold Worth? Build a Valuation Checklist,"Provide a personal valuation worksheet that distinguishes confirmed inputs, assumptions and a real purchase offer.",/sell-your-golds/,Not explicit in title/H1/intent (may still be implicit via footer NAP/schema),How Much Is My Gold Worth? Build a Valuation Checklist,How Much Is My Gold Worth? Build a Valuation Checklist,https://cash4goldanddiamond.com/how-much-is-my-gold-worth-valuation-guide-2026/,"Indexable (follow, index)",704 words - Moderate (300-800 words),8,17,Yes,"Byline: ""Navid · August 10, 2026""; schema: BlogPosting",1 (www.gold.org),2026-09-09T22:52:15.992Z,None detected (nearest text peer below 0.15 similarity threshold),KEEP
https://cash4goldanddiamond.com/best-gold-rolex-buyers-2026/,Supporting article,Selling a Gold Rolex in Los Angeles: Choosing a Buyer,Compare purchase evaluations for a complete gold Rolex rather than whole-watch melt calculations.,/sell-luxury-watches-in-los-angeles/,Yes,Selling a Gold Rolex in Los Angeles: Choosing a Buyer,Selling a Gold Rolex in Los Angeles: Choosing a Buyer,https://cash4goldanddiamond.com/best-gold-rolex-buyers-2026/,"Indexable (follow, index)",625 words - Moderate (300-800 words),9,16,Yes,"Byline: ""Navid · August 10, 2026""; schema: BlogPosting","2 (www.rolex.com, consumer.ftc.gov)",2026-09-10T13:43:55.944Z,None detected (nearest text peer below 0.15 similarity threshold),KEEP
https://cash4goldanddiamond.com/best-14k-gold-rings-2026/,Supporting article,"14K Gold Rings: Compare Design, Materials & Resale",Help a ring shopper compare 14K designs and understand the later resale decision.,/sell-your-golds/,Not explicit in title/H1/intent (may still be implicit via footer NAP/schema),"14K Gold Rings: Compare Design, Materials & Resale","14K Gold Rings: Compare Design, Materials & Resale",https://cash4goldanddiamond.com/best-14k-gold-rings-2026/,"Indexable (follow, index)",589 words - Moderate (300-800 words),12,18,Yes,"Byline: ""Navid · September 3, 2026""; schema: BlogPosting","2 (consumer.ftc.gov, www.gold.org)",2026-09-09T22:52:15.992Z,None detected (nearest text peer below 0.15 similarity threshold),IMPROVE
https://cash4goldanddiamond.com/diamond-chart-4cs-guide/,Supporting article,"Diamond Grading Chart: Read Color, Clarity, Cut & Carat","Read diamond grade abbreviations and compare the scope of a chart, laboratory report and purchase offer.",/sell-your-diamonds-in-los-angeles/,Not explicit in title/H1/intent (may still be implicit via footer NAP/schema),"Diamond Grading Chart: Read Color, Clarity, Cut & Carat","Diamond Grading Chart: Read Color, Clarity, Cut & Carat",https://cash4goldanddiamond.com/diamond-chart-4cs-guide/,"Indexable (follow, index)",793 words - Moderate (300-800 words),16,16,Yes,"Byline: ""Navid · August 9, 2026""; schema: BlogPosting","2 (4cs.gia.edu, www.gia.edu)",2026-09-10T04:28:22.168Z,None detected (nearest text peer below 0.15 similarity threshold),KEEP
https://cash4goldanddiamond.com/how-to-value-estate-jewelry-pieces/,Supporting article,"How to Value Estate Jewelry: Inventory, Materials & Records","Inventory and document an estate jewelry collection so an evaluator can assess materials, stones, workmanship and supported history.",/sell-estate-jewelry-los-angeles/,Not explicit in title/H1/intent (may still be implicit via footer NAP/schema),"How to Value Estate Jewelry: Inventory, Materials & Records","How to Value Estate Jewelry: Inventory, Materials & Records",https://cash4goldanddiamond.com/how-to-value-estate-jewelry-pieces/,"Indexable (follow, index)",732 words - Moderate (300-800 words),16,17,Yes,"Byline: ""Navid · August 29, 2026""; schema: BlogPosting","3 (4cs.gia.edu, www.appraisers.org, www.gia.edu)",2026-09-10T13:43:55.944Z,None detected (nearest text peer below 0.15 similarity threshold),KEEP
https://cash4goldanddiamond.com/trusted-jewelry-buyer-los-angeles-reviews/,Supporting article,Jewelry Buyer Reviews in Los Angeles: How to Read Them,Read jewelry buyer reviews critically and convert relevant customer experiences into questions for an actual sale.,/sell-estate-jewelry-los-angeles/,Yes,Jewelry Buyer Reviews in Los Angeles: How to Read Them,Jewelry Buyer Reviews in Los Angeles: How to Read Them,https://cash4goldanddiamond.com/trusted-jewelry-buyer-los-angeles-reviews/,"Indexable (follow, index)",768 words - Moderate (300-800 words),4,16,Yes,"Byline: ""Navid · August 10, 2026""; schema: BlogPosting",1 (consumer.ftc.gov),2026-09-10T13:43:55.944Z,None detected (nearest text peer below 0.15 similarity threshold),KEEP
https://cash4goldanddiamond.com/best-24k-gold-chains-2026/,Supporting article,"24K Gold Chains: Fineness, Construction & Selling Guide","Inspect a high-purity chain and distinguish fineness, construction and a resale estimate.",/sell-your-golds/,Not explicit in title/H1/intent (may still be implicit via footer NAP/schema),"24K Gold Chains: Fineness, Construction & Selling Guide","24K Gold Chains: Fineness, Construction & Selling Guide",https://cash4goldanddiamond.com/best-24k-gold-chains-2026/,"Indexable (follow, index)",564 words - Moderate (300-800 words),3,18,Yes,"Byline: ""Navid · September 2, 2026""; schema: BlogPosting","2 (www.gold.org, consumer.ftc.gov)",2026-09-09T22:52:15.992Z,None detected (nearest text peer below 0.15 similarity threshold),KEEP
https://cash4goldanddiamond.com/best-14k-white-gold-rings-2026-top-5-ranked/,Supporting article,"14K White Gold Rings: Alloy, Rhodium Finish & Resale","Understand white-gold alloy and finish when evaluating a 14K ring, with stones considered separately.",/sell-your-golds/,Not explicit in title/H1/intent (may still be implicit via footer NAP/schema),"14K White Gold Rings: Alloy, Rhodium Finish & Resale","14K White Gold Rings: Alloy, Rhodium Finish & Resale",https://cash4goldanddiamond.com/best-14k-white-gold-rings-2026-top-5-ranked/,"Indexable (follow, index)",560 words - Moderate (300-800 words),7,17,Yes,"Byline: ""Navid · August 19, 2026""; schema: BlogPosting","3 (www.gold.org, consumer.ftc.gov, www.gia.edu)",2026-09-09T22:52:15.992Z,None detected (nearest text peer below 0.15 similarity threshold),KEEP
https://cash4goldanddiamond.com/best-emerald-ring-gold-2026/,Supporting article,"Sell a Large, High-Quality Emerald Ring in Gold in Los Angeles","Evaluate a large, high-quality emerald in a gold ring, preserving the stone and distinguishing optional origin reports from automatic authenticity or price guarantees.",/sell-gemstones-for-cash-in-los-angeles/,Yes,"Sell a Large, High-Quality Emerald Ring in Gold in Los Angeles","Sell a Large, High-Quality Emerald Ring in Gold in Los Angeles",https://cash4goldanddiamond.com/best-emerald-ring-gold-2026/,"Indexable (follow, index)",754 words - Moderate (300-800 words),6,16,Yes,"Byline: ""Navid · August 12, 2026""; schema: BlogPosting",1 (www.gia.edu),2026-09-10T13:43:55.944Z,None detected (nearest text peer below 0.15 similarity threshold),KEEP
https://cash4goldanddiamond.com/best-14k-gold-chain-2026-top-5-ranked/,Supporting article,"14K Gold Chains: Cuban Links, Construction & Resale","Prepare 14K and Cuban chains, including hollow construction, broken parts and diamonds, for evaluation.",/sell-your-golds/,Yes,"14K Gold Chains: Cuban Links, Construction & Resale","14K Gold Chains: Cuban Links, Construction & Resale",https://cash4goldanddiamond.com/best-14k-gold-chain-2026-top-5-ranked/,"Indexable (follow, index)",732 words - Moderate (300-800 words),10,19,Yes,"Byline: ""Navid · August 15, 2026""; schema: BlogPosting","2 (consumer.ftc.gov, www.gia.edu)",2026-09-09T22:52:15.992Z,None detected (nearest text peer below 0.15 similarity threshold),KEEP
https://cash4goldanddiamond.com/best-gold-watches-2026-top-5-ranked/,Supporting article,"Gold Watches: Materials, Movements & Selling Considerations",Understand material descriptions and complete-watch evaluation without fabricated product rankings.,/sell-luxury-watches-in-los-angeles/,Not explicit in title/H1/intent (may still be implicit via footer NAP/schema),"Gold Watches: Materials, Movements & Selling Considerations","Gold Watches: Materials, Movements & Selling Considerations",https://cash4goldanddiamond.com/best-gold-watches-2026-top-5-ranked/,"Indexable (follow, index)",650 words - Moderate (300-800 words),6,15,Yes,"Byline: ""Navid · August 16, 2026""; schema: BlogPosting","2 (consumer.ftc.gov, www.rolex.com)",2026-09-10T13:43:55.944Z,None detected (nearest text peer below 0.15 similarity threshold),KEEP
https://cash4goldanddiamond.com/best-10k-gold-mens-rings-2026-ranked/,Supporting article,"10K Gold Men’s Rings: Weight, Construction & Value","Inspect substantial 10K bands, signet-style rings and stone-set men’s rings before a sale.",/sell-your-golds/,Not explicit in title/H1/intent (may still be implicit via footer NAP/schema),"10K Gold Men’s Rings: Weight, Construction & Value","10K Gold Men’s Rings: Weight, Construction & Value",https://cash4goldanddiamond.com/best-10k-gold-mens-rings-2026-ranked/,"Indexable (follow, index)",685 words - Moderate (300-800 words),6,18,Yes,"Byline: ""Navid · August 10, 2026""; schema: BlogPosting","2 (www.gold.org, consumer.ftc.gov)",2026-09-10T14:05:09.481Z,None detected (nearest text peer below 0.15 similarity threshold),KEEP
https://cash4goldanddiamond.com/best-14k-gold-belly-rings-2026/,Supporting article,"14K Gold Belly Rings: Material, Fit & Gold-Value Questions",Separate body-jewelry material and fit questions from the resale value of gold components.,/sell-your-golds/,Not explicit in title/H1/intent (may still be implicit via footer NAP/schema),"14K Gold Belly Rings: Material, Fit & Gold-Value Questions","14K Gold Belly Rings: Material, Fit & Gold-Value Questions",https://cash4goldanddiamond.com/best-14k-gold-belly-rings-2026/,"Indexable (follow, index)",583 words - Moderate (300-800 words),3,17,Yes,"Byline: ""Navid · August 5, 2026""; schema: BlogPosting","2 (consumer.ftc.gov, safepiercing.org)",2026-09-09T22:52:15.992Z,None detected (nearest text peer below 0.15 similarity threshold),IMPROVE
https://cash4goldanddiamond.com/best-18k-gold-rings-for-women-2026/,Supporting article,18K Gold Rings for Women: Design & Pre-Owned Checks,"Compare 18K ring designs for fit and ownership, including the different questions raised by pre-owned pieces.",/sell-your-golds/,Not explicit in title/H1/intent (may still be implicit via footer NAP/schema),18K Gold Rings for Women: Design & Pre-Owned Checks,18K Gold Rings for Women: Design & Pre-Owned Checks,https://cash4goldanddiamond.com/best-18k-gold-rings-for-women-2026/,"Indexable (follow, index)",564 words - Moderate (300-800 words),7,17,Yes,"Byline: ""Navid · August 7, 2026""; schema: BlogPosting","3 (www.gold.org, consumer.ftc.gov, 4cs.gia.edu)",2026-09-09T22:52:15.992Z,None detected (nearest text peer below 0.15 similarity threshold),IMPROVE
https://cash4goldanddiamond.com/best-14k-yellow-gold-rings-2026/,Supporting article,14K Yellow Gold Rings: A Practical Buying Checklist,Provide a focused purchase checklist for a 14K yellow-gold ring without medical or value guarantees.,/sell-your-golds/,Not explicit in title/H1/intent (may still be implicit via footer NAP/schema),14K Yellow Gold Rings: A Practical Buying Checklist,14K Yellow Gold Rings: A Practical Buying Checklist,https://cash4goldanddiamond.com/best-14k-yellow-gold-rings-2026/,"Indexable (follow, index)",544 words - Moderate (300-800 words),4,16,Yes,"Byline: ""Navid · July 24, 2026""; schema: BlogPosting","2 (consumer.ftc.gov, www.gold.org)",2026-09-09T22:52:15.992Z,Possible overlap with /best-14k-yellow-gold-rings-2026-2/ (shingle similarity 1.00),IMPROVE
https://cash4goldanddiamond.com/best-gold-rolex-watches-2026-ranked/,Supporting article,"Gold Rolex Watches: Compare References, Materials & Condition",Compare exact gold Rolex configurations without model rankings or speculative pricing.,/sell-luxury-watches-in-los-angeles/,Not explicit in title/H1/intent (may still be implicit via footer NAP/schema),"Gold Rolex Watches: Compare References, Materials & Condition","Gold Rolex Watches: Compare References, Materials & Condition",https://cash4goldanddiamond.com/best-gold-rolex-watches-2026-ranked/,"Indexable (follow, index)",561 words - Moderate (300-800 words),6,16,Yes,"Byline: ""Navid · August 1, 2026""; schema: BlogPosting",1 (www.rolex.com),2026-09-10T13:43:55.944Z,None detected (nearest text peer below 0.15 similarity threshold),KEEP
https://cash4goldanddiamond.com/best-yellow-gold-rings-2026/,Supporting article,"Yellow Gold Rings: Condition, Karat & Resale Evaluation","Evaluate the condition and gold content of a yellow-gold ring already owned, including vintage or repaired pieces.",/sell-your-golds/,Not explicit in title/H1/intent (may still be implicit via footer NAP/schema),"Yellow Gold Rings: Condition, Karat & Resale Evaluation","Yellow Gold Rings: Condition, Karat & Resale Evaluation",https://cash4goldanddiamond.com/best-yellow-gold-rings-2026/,"Indexable (follow, index)",556 words - Moderate (300-800 words),6,16,Yes,"Byline: ""Navid · July 28, 2026""; schema: BlogPosting","2 (consumer.ftc.gov, 4cs.gia.edu)",2026-09-09T22:52:15.992Z,None detected (nearest text peer below 0.15 similarity threshold),KEEP
https://cash4goldanddiamond.com/best-10k-gold-rings-for-women-2026/,Supporting article,"10K Gold Rings for Women: Bands, Stacks & Stone Settings","Compare lightweight and stackable 10K rings with attention to fit, contact, stone descriptions and eventual resale.",/sell-your-golds/,Not explicit in title/H1/intent (may still be implicit via footer NAP/schema),"10K Gold Rings for Women: Bands, Stacks & Stone Settings","10K Gold Rings for Women: Bands, Stacks & Stone Settings",https://cash4goldanddiamond.com/best-10k-gold-rings-for-women-2026/,"Indexable (follow, index)",554 words - Moderate (300-800 words),4,18,Yes,"Byline: ""Navid · August 10, 2026""; schema: BlogPosting","2 (www.gold.org, consumer.ftc.gov)",2026-09-09T22:52:15.992Z,None detected (nearest text peer below 0.15 similarity threshold),IMPROVE
https://cash4goldanddiamond.com/best-black-hills-gold-rings-2026/,Supporting article,"Black Hills Gold Rings: Mixed Karats, Leaves & Resale",Identify component materials and design details in a Black Hills Gold ring before a purchase evaluation.,/sell-your-golds/,Not explicit in title/H1/intent (may still be implicit via footer NAP/schema),"Black Hills Gold Rings: Mixed Karats, Leaves & Resale","Black Hills Gold Rings: Mixed Karats, Leaves & Resale",https://cash4goldanddiamond.com/best-black-hills-gold-rings-2026/,"Indexable (follow, index)",562 words - Moderate (300-800 words),6,17,Yes,"Byline: ""Navid · July 20, 2026""; schema: BlogPosting","2 (www.zales.com, consumer.ftc.gov)",2026-09-09T22:52:15.992Z,Possible overlap with /best-black-hills-gold-rings-2026-2/ (shingle similarity 1.00),KEEP
https://cash4goldanddiamond.com/best-18k-gold-rings-2026-ranked/,Supporting article,"18K Gold Rings: 750 Markings, Metal Content & Resale",Understand 18K/750 material content and prepare an owned ring for value assessment.,/sell-your-golds/,Not explicit in title/H1/intent (may still be implicit via footer NAP/schema),"18K Gold Rings: 750 Markings, Metal Content & Resale","18K Gold Rings: 750 Markings, Metal Content & Resale",https://cash4goldanddiamond.com/best-18k-gold-rings-2026-ranked/,"Indexable (follow, index)",549 words - Moderate (300-800 words),8,17,Yes,"Byline: ""Navid · July 23, 2026""; schema: BlogPosting","2 (www.gold.org, consumer.ftc.gov)",2026-09-09T22:52:15.992Z,Possible overlap with /best-18k-gold-rings-2026-ranked-2/ (shingle similarity 1.00),KEEP
https://cash4goldanddiamond.com/best-14k-gold-diamond-rings-2026/,Supporting article,14K Gold Diamond Rings: Evaluate the Metal and the Stone,Separate the metal and diamond information needed to evaluate a complete 14K diamond ring.,/sell-your-diamonds-in-los-angeles/,Not explicit in title/H1/intent (may still be implicit via footer NAP/schema),14K Gold Diamond Rings: Evaluate the Metal and the Stone,14K Gold Diamond Rings: Evaluate the Metal and the Stone,https://cash4goldanddiamond.com/best-14k-gold-diamond-rings-2026/,"Indexable (follow, index)",652 words - Moderate (300-800 words),5,16,Yes,"Byline: ""Navid · June 29, 2026""; schema: BlogPosting","3 (consumer.ftc.gov, www.gia.edu, 4cs.gia.edu)",2026-09-09T22:52:15.992Z,None detected (nearest text peer below 0.15 similarity threshold),KEEP
https://cash4goldanddiamond.com/best-promise-rings-gold-2026/,Supporting article,"Gold Promise Rings: Meaning, Materials & Future Resale","Help a promise-ring shopper separate personal meaning, material descriptions and later resale considerations.",/sell-your-golds/,Not explicit in title/H1/intent (may still be implicit via footer NAP/schema),"Gold Promise Rings: Meaning, Materials & Future Resale","Gold Promise Rings: Meaning, Materials & Future Resale",https://cash4goldanddiamond.com/best-promise-rings-gold-2026/,"Indexable (follow, index)",564 words - Moderate (300-800 words),5,17,Yes,"Byline: ""Navid · July 9, 2026""; schema: BlogPosting","2 (consumer.ftc.gov, 4cs.gia.edu)",2026-09-09T22:52:15.992Z,None detected (nearest text peer below 0.15 similarity threshold),IMPROVE
https://cash4goldanddiamond.com/best-10k-gold-rings-2026-top-5-ranked/,Supporting article,"10K Gold Rings: Gold Content, Markings & Purchase Value",Explain 10K ring material content and what a purity-based comparison can reasonably establish.,/sell-your-golds/,Not explicit in title/H1/intent (may still be implicit via footer NAP/schema),"10K Gold Rings: Gold Content, Markings & Purchase Value","10K Gold Rings: Gold Content, Markings & Purchase Value",https://cash4goldanddiamond.com/best-10k-gold-rings-2026-top-5-ranked/,"Indexable (follow, index)",533 words - Moderate (300-800 words),6,18,Yes,"Byline: ""Navid · July 13, 2026""; schema: BlogPosting","2 (www.gold.org, consumer.ftc.gov)",2026-09-09T22:52:15.992Z,None detected (nearest text peer below 0.15 similarity threshold),KEEP
https://cash4goldanddiamond.com/sell-gold-in-los-angeles/,Supporting article,"Sell Gold in Los Angeles: Options, Evaluation & Payment","Serve as the comprehensive Los Angeles gold-selling options guide, directing distinct item types to their specialist preparation pages.",/sell-your-golds/,Yes,"Sell Gold in Los Angeles: Options, Evaluation & Payment","Sell Gold in Los Angeles: Options, Evaluation & Payment",https://cash4goldanddiamond.com/sell-gold-in-los-angeles/,"Indexable (follow, index)",1084 words - Deep (800+ words),7,24,Yes,"Byline: ""Navid · July 12, 2026""; schema: BlogPosting","2 (www.gold.org, consumer.ftc.gov)",2026-09-09T22:52:15.992Z,None detected (nearest text peer below 0.15 similarity threshold),MERGE
https://cash4goldanddiamond.com/best-place-to-sell-jewelry-los-angeles/,Supporting article,Where to Sell Jewelry in Los Angeles: Match the Buyer to Your Items,Choose a selling route based on the type of jewelry and compare final purchase offers with clearly identified alternative transaction types.,/sell-estate-jewelry-los-angeles/,Yes,Where to Sell Jewelry in Los Angeles: Match the Buyer to Your Items,Where to Sell Jewelry in Los Angeles: Match the Buyer to Your Items,https://cash4goldanddiamond.com/best-place-to-sell-jewelry-los-angeles/,"Indexable (follow, index)",778 words - Moderate (300-800 words),9,16,Yes,"Byline: ""Navid · July 25, 2026""; schema: BlogPosting","2 (4cs.gia.edu, consumer.ftc.gov)",2026-09-10T13:43:55.944Z,None detected (nearest text peer below 0.15 similarity threshold),KEEP
https://cash4goldanddiamond.com/how-to-know-if-diamonds-are-worth-selling/,Supporting article,Are Your Diamonds Worth Selling? How to Make the Decision,Help an owner decide whether a diamond sale makes sense using an actual offer and personal priorities instead of arbitrary grade or size cutoffs.,/sell-your-diamonds-in-los-angeles/,Not explicit in title/H1/intent (may still be implicit via footer NAP/schema),Are Your Diamonds Worth Selling? How to Make the Decision,Are Your Diamonds Worth Selling? How to Make the Decision,https://cash4goldanddiamond.com/how-to-know-if-diamonds-are-worth-selling/,"Indexable (follow, index)",720 words - Moderate (300-800 words),8,16,Yes,"Byline: ""Navid · September 1, 2026""; schema: BlogPosting","2 (www.gia.edu, 4cs.gia.edu)",2026-09-10T13:14:23.748Z,None detected (nearest text peer below 0.15 similarity threshold),KEEP
https://cash4goldanddiamond.com/white-diamond-guide/,Supporting article,White Diamonds: Colorless Grades vs Fancy White Explained,"Distinguish informal white-diamond wording from D-to-Z grades and Fancy white diamonds, then prepare accurate comparison questions.",/sell-your-diamonds-in-los-angeles/,Not explicit in title/H1/intent (may still be implicit via footer NAP/schema),White Diamonds: Colorless Grades vs Fancy White Explained,White Diamonds: Colorless Grades vs Fancy White Explained,https://cash4goldanddiamond.com/white-diamond-guide/,"Indexable (follow, index)",704 words - Moderate (300-800 words),4,16,Yes,"Byline: ""Navid · August 3, 2026""; schema: BlogPosting","2 (4cs.gia.edu, www.gia.edu)",2026-09-10T13:14:23.748Z,None detected (nearest text peer below 0.15 similarity threshold),KEEP
https://cash4goldanddiamond.com/gold-buyer-downtown-los-angeles-2/,Supporting article,Your First Gold Evaluation in Downtown Los Angeles,"Walk a first-time seller through an in-person gold evaluation, distinct from the broad selling-options guide.",/sell-your-golds/,Yes,Your First Gold Evaluation in Downtown Los Angeles,Your First Gold Evaluation in Downtown Los Angeles,https://cash4goldanddiamond.com/gold-buyer-downtown-los-angeles-2/,"Indexable (follow, index)",714 words - Moderate (300-800 words),6,17,Yes,"Byline: ""Navid · July 21, 2026""; schema: BlogPosting","2 (www.gold.org, consumer.ftc.gov)",2026-09-09T23:03:42.120Z,None detected (nearest text peer below 0.15 similarity threshold),IMPROVE
https://cash4goldanddiamond.com/white-gold-guide/,Supporting article,"White Gold: Alloy, Rhodium Finish & Selling Value",Explain white-gold alloy versus surface finish and how that distinction affects a selling evaluation.,/sell-your-golds/,Not explicit in title/H1/intent (may still be implicit via footer NAP/schema),"White Gold: Alloy, Rhodium Finish & Selling Value","White Gold: Alloy, Rhodium Finish & Selling Value",https://cash4goldanddiamond.com/white-gold-guide/,"Indexable (follow, index)",691 words - Moderate (300-800 words),7,19,Yes,"Byline: ""Navid · August 20, 2026""; schema: BlogPosting","2 (www.gold.org, consumer.ftc.gov)",2026-09-09T23:03:42.120Z,None detected (nearest text peer below 0.15 similarity threshold),KEEP
https://cash4goldanddiamond.com/los-angeles-gold-jewelry-sales-market-data-2026/,Supporting article,Gold Market Prices: What They Mean for Los Angeles Sellers,Teach readers to interpret market-price data for a jewelry offer without implying original Los Angeles sales statistics.,/sell-your-golds/,Yes,Gold Market Prices: What They Mean for Los Angeles Sellers,Gold Market Prices: What They Mean for Los Angeles Sellers,https://cash4goldanddiamond.com/los-angeles-gold-jewelry-sales-market-data-2026/,"Indexable (follow, index)",735 words - Moderate (300-800 words),3,18,Yes,"Byline: ""Navid · June 27, 2026""; schema: BlogPosting",1 (www.gold.org),2026-09-09T23:03:42.120Z,None detected (nearest text peer below 0.15 similarity threshold),KEEP
https://cash4goldanddiamond.com/how-much-is-my-gold-worth-gold-buyers-ranked/,Supporting article,"Compare Gold Buyer Offers: Estimates, Weights & Final Amounts",Provide a practical offer-comparison worksheet rather than invented buyer rankings or market-timing advice.,/sell-your-golds/,Not explicit in title/H1/intent (may still be implicit via footer NAP/schema),"Compare Gold Buyer Offers: Estimates, Weights & Final Amounts","Compare Gold Buyer Offers: Estimates, Weights & Final Amounts",https://cash4goldanddiamond.com/how-much-is-my-gold-worth-gold-buyers-ranked/,"Indexable (follow, index)",706 words - Moderate (300-800 words),11,18,Yes,"Byline: ""Navid · August 10, 2026""; schema: BlogPosting",1 (www.gold.org),2026-09-09T23:07:37.864Z,None detected (nearest text peer below 0.15 similarity threshold),KEEP
https://cash4goldanddiamond.com/how-jewelry-buyers-determine-gold-value/,Supporting article,"How Gold Buyers Test Purity, Weight & Jewelry Value",Explain what gold testing and weight measurements establish and where uncertainty remains for mounted jewelry.,/sell-your-golds/,Not explicit in title/H1/intent (may still be implicit via footer NAP/schema),"How Gold Buyers Test Purity, Weight & Jewelry Value","How Gold Buyers Test Purity, Weight & Jewelry Value",https://cash4goldanddiamond.com/how-jewelry-buyers-determine-gold-value/,"Indexable (follow, index)",680 words - Moderate (300-800 words),8,18,Yes,"Byline: ""Navid · August 30, 2026""; schema: BlogPosting","2 (www.gia.edu, www.gold.org)",2026-09-09T23:07:37.864Z,None detected (nearest text peer below 0.15 similarity threshold),KEEP
https://cash4goldanddiamond.com/legitimate-gold-buyer-vs-pawn-shop/,Supporting article,Gold Buyer vs Pawn Shop: Compare a Sale and a Loan,"Compare outright sales and pawn loans neutrally, helping readers examine the actual agreement.",/sell-your-golds/,Not explicit in title/H1/intent (may still be implicit via footer NAP/schema),Gold Buyer vs Pawn Shop: Compare a Sale and a Loan,Gold Buyer vs Pawn Shop: Compare a Sale and a Loan,https://cash4goldanddiamond.com/legitimate-gold-buyer-vs-pawn-shop/,"Indexable (follow, index)",676 words - Moderate (300-800 words),5,19,Yes,"Byline: ""Navid · August 27, 2026""; schema: BlogPosting","2 (www.consumerfinance.gov, www.gold.org)",2026-09-09T23:07:37.864Z,None detected (nearest text peer below 0.15 similarity threshold),KEEP
https://cash4goldanddiamond.com/best-price-diamonds-la/,Supporting article,Diamond Resale Prices in Los Angeles: How to Compare Offers,"Compare actual natural-diamond resale offers in Los Angeles without confusing retail listings, insurance values and purchase amounts.",/sell-your-diamonds-in-los-angeles/,Yes,Diamond Resale Prices in Los Angeles: How to Compare Offers,Diamond Resale Prices in Los Angeles: How to Compare Offers,https://cash4goldanddiamond.com/best-price-diamonds-la/,"Indexable (follow, index)",817 words - Deep (800+ words),12,16,Yes,"Byline: ""Navid · August 10, 2026""; schema: BlogPosting","2 (4cs.gia.edu, www.gia.edu)",2026-09-10T13:14:23.748Z,None detected (nearest text peer below 0.15 similarity threshold),MERGE
https://cash4goldanddiamond.com/selling-gold-jewelry-los-angeles/,Supporting article,Selling Gold Jewelry: From Evaluation to Payment in LA,"Explain the decision and payment steps after a jewelry evaluation, distinct from first-visit preparation.",/sell-your-golds/,Yes,Selling Gold Jewelry: From Evaluation to Payment in LA,Selling Gold Jewelry: From Evaluation to Payment in LA,https://cash4goldanddiamond.com/selling-gold-jewelry-los-angeles/,"Indexable (follow, index)",670 words - Moderate (300-800 words),4,19,Yes,"Byline: ""Navid · July 30, 2026""; schema: BlogPosting","2 (4cs.gia.edu, www.gold.org)",2026-09-09T23:07:37.864Z,None detected (nearest text peer below 0.15 similarity threshold),KEEP
https://cash4goldanddiamond.com/10k-gold-price-per-gram-pawn-shop/,Supporting article,10K Gold Price Per Gram: Understanding Pawn-Shop Offers,Explain a 10K per-gram metal calculation and how to compare a pawn purchase quote without fixed rates.,/sell-your-golds/,Not explicit in title/H1/intent (may still be implicit via footer NAP/schema),10K Gold Price Per Gram: Understanding Pawn-Shop Offers,10K Gold Price Per Gram: Understanding Pawn-Shop Offers,https://cash4goldanddiamond.com/10k-gold-price-per-gram-pawn-shop/,"Indexable (follow, index)",662 words - Moderate (300-800 words),7,19,Yes,"Byline: ""Navid · December 27, 2024""; schema: BlogPosting","3 (www.gold.org, www.nist.gov, www.consumerfinance.gov)",2026-09-09T23:07:37.864Z,None detected (nearest text peer below 0.15 similarity threshold),KEEP
https://cash4goldanddiamond.com/rolex-buyer-los-angeles-cash/,Supporting article,Rolex Buyer in Los Angeles: Evaluation & Payment Options,Arrange an individual local Rolex buying evaluation and understand purchase/payment terms.,/sell-luxury-watches-in-los-angeles/,Yes,Rolex Buyer in Los Angeles: Evaluation & Payment Options,Rolex Buyer in Los Angeles: Evaluation & Payment Options,https://cash4goldanddiamond.com/rolex-buyer-los-angeles-cash/,"Indexable (follow, index)",605 words - Moderate (300-800 words),8,16,Yes,"Byline: ""Navid · August 10, 2026""; schema: BlogPosting",1 (www.rolex.com),2026-09-10T13:43:55.944Z,None detected (nearest text peer below 0.15 similarity threshold),IMPROVE
https://cash4goldanddiamond.com/14k-gold-price-per-gram-los-angeles/,Supporting article,14K Gold Price Per Gram: Estimating Jewelry Value,Calculate nominal 14K fine-gold content per gram and compare a jewelry offer using consistent units.,/sell-your-golds/,Yes,14K Gold Price Per Gram: Estimating Jewelry Value,14K Gold Price Per Gram: Estimating Jewelry Value,https://cash4goldanddiamond.com/14k-gold-price-per-gram-los-angeles/,"Indexable (follow, index)",1091 words - Deep (800+ words),20,20,Yes,"Byline: ""Navid · August 28, 2026""; schema: BlogPosting","3 (www.gold.org, www.gia.edu, www.nist.gov)",2026-09-09T22:28:02.729Z,None detected (nearest text peer below 0.15 similarity threshold),KEEP
https://cash4goldanddiamond.com/white-gold-vs-yellow-gold/,Supporting article,"White Gold vs Yellow Gold: Purity, Finish & Resale","Compare white and yellow gold on equal purity and weight, separating personal appearance and maintenance from purchase value.",/sell-your-golds/,Not explicit in title/H1/intent (may still be implicit via footer NAP/schema),"White Gold vs Yellow Gold: Purity, Finish & Resale","White Gold vs Yellow Gold: Purity, Finish & Resale",https://cash4goldanddiamond.com/white-gold-vs-yellow-gold/,"Indexable (follow, index)",660 words - Moderate (300-800 words),4,19,Yes,"Byline: ""Navid · July 31, 2026""; schema: BlogPosting","2 (www.gold.org, consumer.ftc.gov)",2026-09-09T23:38:32.511Z,None detected (nearest text peer below 0.15 similarity threshold),KEEP
https://cash4goldanddiamond.com/how-to-sell-a-rolex-watch-in-los-angeles/,Supporting article,How to Sell a Rolex in Los Angeles: A Preparation Checklist,"Give a usable step-by-step preparation and handover checklist, avoiding repetition of the buyer landing guide.",/sell-luxury-watches-in-los-angeles/,Yes,How to Sell a Rolex in Los Angeles: A Preparation Checklist,How to Sell a Rolex in Los Angeles: A Preparation Checklist,https://cash4goldanddiamond.com/how-to-sell-a-rolex-watch-in-los-angeles/,"Indexable (follow, index)",674 words - Moderate (300-800 words),11,17,Yes,"Byline: ""Navid · August 21, 2026""; schema: BlogPosting",1 (www.rolex.com),2026-09-10T13:43:55.944Z,None detected (nearest text peer below 0.15 similarity threshold),KEEP
https://cash4goldanddiamond.com/best-inherited-jewelry-valuation-los-angeles-2026/,Supporting article,Inherited Jewelry Valuation in Los Angeles: Documents & Next Steps,"Identify the required purpose and records for inherited jewelry valuation, then separate estate documentation from a current sale decision.",/sell-estate-jewelry-los-angeles/,Yes,Inherited Jewelry Valuation in Los Angeles: Documents & Next Steps,Inherited Jewelry Valuation in Los Angeles: Documents & Next Steps,https://cash4goldanddiamond.com/best-inherited-jewelry-valuation-los-angeles-2026/,"Indexable (follow, index)",725 words - Moderate (300-800 words),6,16,Yes,"Byline: ""Navid · August 26, 2026""; schema: BlogPosting","2 (www.appraisers.org, www.irs.gov)",2026-09-10T13:43:55.944Z,None detected (nearest text peer below 0.15 similarity threshold),KEEP
https://cash4goldanddiamond.com/how-much-should-i-get-for-my-gold-jewelry/,Supporting article,How Much Should You Expect for Gold Jewelry?,"Help sellers interpret expectations from retail receipts, replacement appraisals and metal estimates without invented fair-payout thresholds.",/sell-your-golds/,Not explicit in title/H1/intent (may still be implicit via footer NAP/schema),How Much Should You Expect for Gold Jewelry?,How Much Should You Expect for Gold Jewelry?,https://cash4goldanddiamond.com/how-much-should-i-get-for-my-gold-jewelry/,"Indexable (follow, index)",690 words - Moderate (300-800 words),4,19,Yes,"Byline: ""Navid · August 25, 2026""; schema: BlogPosting","2 (www.gold.org, consumer.ftc.gov)",2026-09-09T23:38:32.511Z,None detected (nearest text peer below 0.15 similarity threshold),KEEP
https://cash4goldanddiamond.com/where-to-sell-gold-los-angeles/,Supporting article,Where to Sell Gold in Los Angeles: A Seller’s Checklist,"Retain the thorough seller checklist, grounding its material and market claims and making the local next step specific.",/sell-your-golds/,Yes,Where to Sell Gold in Los Angeles: A Seller’s Checklist,Where to Sell Gold in Los Angeles: A Seller’s Checklist,https://cash4goldanddiamond.com/where-to-sell-gold-los-angeles/,"Indexable (follow, index)",2124 words - Deep (800+ words),7,18,Yes,"Byline: ""Navid · August 13, 2026""; schema: BlogPosting","2 (consumer.ftc.gov, www.gold.org)",2026-09-09T23:38:32.511Z,None detected (nearest text peer below 0.15 similarity threshold),KEEP
https://cash4goldanddiamond.com/sell-inherited-jewelry-no-obligation/,Supporting article,Selling Inherited Jewelry Without Pressure: A Practical Guide,"Prepare for an inherited-jewelry purchase evaluation while making a clear, unpressured decision about which pieces to keep or sell.",/sell-estate-jewelry-los-angeles/,Not explicit in title/H1/intent (may still be implicit via footer NAP/schema),Selling Inherited Jewelry Without Pressure: A Practical Guide,Selling Inherited Jewelry Without Pressure: A Practical Guide,https://cash4goldanddiamond.com/sell-inherited-jewelry-no-obligation/,"Indexable (follow, index)",725 words - Moderate (300-800 words),9,18,Yes,"Byline: ""Navid · August 10, 2026""; schema: BlogPosting","2 (www.appraisers.org, 4cs.gia.edu)",2026-09-10T13:43:55.944Z,None detected (nearest text peer below 0.15 similarity threshold),KEEP
https://cash4goldanddiamond.com/diamond-gem-los-angeles-guide/,Supporting article,Sell Natural Diamonds in Los Angeles: Preparing Your Jewelry,Guide owners through organizing and presenting natural diamonds for a Downtown Los Angeles purchase evaluation.,/sell-your-diamonds-in-los-angeles/,Yes,Sell Natural Diamonds in Los Angeles: Preparing Your Jewelry,Sell Natural Diamonds in Los Angeles: Preparing Your Jewelry,https://cash4goldanddiamond.com/diamond-gem-los-angeles-guide/,"Indexable (follow, index)",837 words - Deep (800+ words),3,16,Yes,"Byline: ""Navid · August 17, 2026""; schema: BlogPosting","2 (www.gia.edu, 4cs.gia.edu)",2026-09-10T14:10:51.541Z,None detected (nearest text peer below 0.15 similarity threshold),KEEP
https://cash4goldanddiamond.com/rolex-day-date-gold-market-analysis-2026-pricing-demand-trends/,Supporting article,"Gold Rolex Day-Date: Reference, Bracelet & Purchase Value",Assess a specific Day-Date purchase proposal without market forecasts or superficial authentication claims.,/sell-luxury-watches-in-los-angeles/,Yes,"Gold Rolex Day-Date: Reference, Bracelet & Purchase Value","Gold Rolex Day-Date: Reference, Bracelet & Purchase Value",https://cash4goldanddiamond.com/rolex-day-date-gold-market-analysis-2026-pricing-demand-trends/,"Indexable (follow, index)",623 words - Moderate (300-800 words),6,17,Yes,"Byline: ""Navid · August 10, 2026""; schema: BlogPosting",1 (www.rolex.com),2026-09-10T13:43:55.944Z,None detected (nearest text peer below 0.15 similarity threshold),KEEP
https://cash4goldanddiamond.com/pawn-shops-pay-for-gold-los-angeles/,Supporting article,Compare Pawn-Shop Gold Offers in Los Angeles: A Seller’s Checklist,Help a Los Angeles seller compare actual pawn-shop purchase offers with other gold-buying offers using the same collection and terms.,/sell-your-golds/,Yes,Compare Pawn-Shop Gold Offers in Los Angeles: A Seller’s Checklist,Compare Pawn-Shop Gold Offers in Los Angeles: A Seller’s Checklist,https://cash4goldanddiamond.com/pawn-shops-pay-for-gold-los-angeles/,"Indexable (follow, index)",702 words - Moderate (300-800 words),5,16,Yes,"Byline: ""Navid · August 13, 2026""; schema: BlogPosting","2 (files.consumerfinance.gov, consumer.ftc.gov)",2026-09-10T13:56:42.540Z,None detected (nearest text peer below 0.15 similarity threshold),KEEP
https://cash4goldanddiamond.com/sell-tiffany-jewelry-los-angeles/,Supporting article,Sell Tiffany Jewelry in Los Angeles: Prepare the Piece & Papers,"Prepare Tiffany jewelry for resale by organizing model details, matching records and condition without confusing brand documents or retail programs with a cash offer.",/sell-estate-jewelry-los-angeles/,Yes,Sell Tiffany Jewelry in Los Angeles: Prepare the Piece & Papers,Sell Tiffany Jewelry in Los Angeles: Prepare the Piece & Papers,https://cash4goldanddiamond.com/sell-tiffany-jewelry-los-angeles/,"Indexable (follow, index)",715 words - Moderate (300-800 words),6,16,Yes,"Byline: ""Navid · August 8, 2026""; schema: BlogPosting","2 (www.tiffany.com, 4cs.gia.edu)",2026-09-10T13:56:42.540Z,None detected (nearest text peer below 0.15 similarity threshold),KEEP
https://cash4goldanddiamond.com/14-karat-gold-market-statistics-2026/,Supporting article,"What Does 14 Karat Gold Mean? Marks, Color & Construction","Explain 14K terminology and its limits, with clear distinctions between purity, construction, appearance and authentication.",/sell-your-golds/,Not explicit in title/H1/intent (may still be implicit via footer NAP/schema),"What Does 14 Karat Gold Mean? Marks, Color & Construction","What Does 14 Karat Gold Mean? Marks, Color & Construction",https://cash4goldanddiamond.com/14-karat-gold-market-statistics-2026/,"Indexable (follow, index)",633 words - Moderate (300-800 words),4,20,Yes,"Byline: ""Navid · August 18, 2026""; schema: BlogPosting","2 (www.gold.org, consumer.ftc.gov)",2026-09-09T23:38:32.511Z,None detected (nearest text peer below 0.15 similarity threshold),KEEP
https://cash4goldanddiamond.com/sell-cartier-jewelry-los-angeles/,Supporting article,"Sell Cartier Jewelry in Los Angeles: Model, Condition & Offer","Prepare Cartier jewelry for an item-specific purchase evaluation with accurate model, material, component and service-history details.",/sell-estate-jewelry-los-angeles/,Yes,"Sell Cartier Jewelry in Los Angeles: Model, Condition & Offer","Sell Cartier Jewelry in Los Angeles: Model, Condition & Offer",https://cash4goldanddiamond.com/sell-cartier-jewelry-los-angeles/,"Indexable (follow, index)",720 words - Moderate (300-800 words),6,16,Yes,"Byline: ""Navid · July 10, 2026""; schema: BlogPosting","2 (www.cartier.com, 4cs.gia.edu)",2026-09-10T14:10:51.541Z,None detected (nearest text peer below 0.15 similarity threshold),KEEP
https://cash4goldanddiamond.com/platinum-vs-white-gold/,Supporting article,"Platinum vs White Gold: Alloy, Finish, Care & Resale","Compare platinum and white gold using actual alloy, finish, workmanship and ownership costs rather than fixed price and maintenance assumptions.",/sell-your-golds/,Not explicit in title/H1/intent (may still be implicit via footer NAP/schema),"Platinum vs White Gold: Alloy, Finish, Care & Resale","Platinum vs White Gold: Alloy, Finish, Care & Resale",https://cash4goldanddiamond.com/platinum-vs-white-gold/,"Indexable (follow, index)",758 words - Moderate (300-800 words),7,16,Yes,"Byline: ""Navid · August 10, 2026""; schema: BlogPosting","4 (consumer.ftc.gov, www.gold.org, www.gia.edu, 4cs.gia.edu)",2026-09-10T13:14:23.748Z,None detected (nearest text peer below 0.15 similarity threshold),IMPROVE
https://cash4goldanddiamond.com/diamond-what-it-is-how-to-value-where-to-sell/,Supporting article,Diamond Basics: Identify Your Item and Prepare to Sell,"Provide a starting guide for an owner who needs to identify an unfamiliar diamond item, organize documentation and request a purchase evaluation.",/sell-your-diamonds-in-los-angeles/,Yes,Diamond Basics: Identify Your Item and Prepare to Sell,Diamond Basics: Identify Your Item and Prepare to Sell,https://cash4goldanddiamond.com/diamond-what-it-is-how-to-value-where-to-sell/,"Indexable (follow, index)",734 words - Moderate (300-800 words),5,16,Yes,"Byline: ""Navid · July 8, 2026""; schema: BlogPosting","2 (www.gia.edu, 4cs.gia.edu)",2026-09-10T13:14:23.748Z,None detected (nearest text peer below 0.15 similarity threshold),KEEP
https://cash4goldanddiamond.com/where-to-sell-rolex-watch-los-angeles/,Supporting article,Where to Sell a Rolex in Los Angeles: Compare Your Options,Compare transaction models and terms without invented dealer recommendations.,/sell-luxury-watches-in-los-angeles/,Yes,Where to Sell a Rolex in Los Angeles: Compare Your Options,Where to Sell a Rolex in Los Angeles: Compare Your Options,https://cash4goldanddiamond.com/where-to-sell-rolex-watch-los-angeles/,"Indexable (follow, index)",596 words - Moderate (300-800 words),6,16,Yes,"Byline: ""Navid · July 7, 2026""; schema: BlogPosting",1 (www.rolex.com),2026-09-10T13:43:55.944Z,None detected (nearest text peer below 0.15 similarity threshold),KEEP
https://cash4goldanddiamond.com/best-14k-white-gold-diamond-rings-2026/,Supporting article,"14K White Gold Diamond Rings: Metal, Finish & Resale Evaluation",Understand and evaluate a 14K white gold diamond ring as both a gold alloy setting and a finished diamond item.,/sell-your-golds/,Not explicit in title/H1/intent (may still be implicit via footer NAP/schema),"14K White Gold Diamond Rings: Metal, Finish & Resale Evaluation","14K White Gold Diamond Rings: Metal, Finish & Resale Evaluation",https://cash4goldanddiamond.com/best-14k-white-gold-diamond-rings-2026/,"Indexable (follow, index)",839 words - Deep (800+ words),6,16,Yes,"Byline: ""Navid · August 10, 2026""; schema: BlogPosting","3 (consumer.ftc.gov, www.gold.org, www.gia.edu)",2026-09-10T13:14:23.748Z,None detected (nearest text peer below 0.15 similarity threshold),KEEP
https://cash4goldanddiamond.com/best-14k-white-gold-engagement-rings-2026/,Supporting article,Choosing a 14K White Gold Engagement Ring: Setting & Care,"Give engagement-ring shoppers a practical comparison of 14K white gold setting construction, appearance, maintenance and written specifications.",/sell-your-golds/,Not explicit in title/H1/intent (may still be implicit via footer NAP/schema),Choosing a 14K White Gold Engagement Ring: Setting & Care,Choosing a 14K White Gold Engagement Ring: Setting & Care,https://cash4goldanddiamond.com/best-14k-white-gold-engagement-rings-2026/,"Indexable (follow, index)",721 words - Moderate (300-800 words),3,16,Yes,"Byline: ""Navid · July 22, 2026""; schema: BlogPosting","3 (www.gold.org, 4cs.gia.edu, www.gia.edu)",2026-09-10T13:56:42.540Z,Possible overlap with /best-14k-white-gold-engagement-rings-2026-2/ (shingle similarity 1.00),IMPROVE
https://cash4goldanddiamond.com/best-10k-white-gold-rings-2026/,Supporting article,"10K White Gold Rings: Construction, Finish & Selling Guide","Assess the construction, finish and wear of a 10K white gold ring before purchase or resale.",/sell-your-golds/,Yes,"10K White Gold Rings: Construction, Finish & Selling Guide","10K White Gold Rings: Construction, Finish & Selling Guide",https://cash4goldanddiamond.com/best-10k-white-gold-rings-2026/,"Indexable (follow, index)",698 words - Moderate (300-800 words),7,16,Yes,"Byline: ""Navid · July 27, 2026""; schema: BlogPosting","3 (www.gold.org, consumer.ftc.gov, www.gia.edu)",2026-09-10T13:14:23.748Z,None detected (nearest text peer below 0.15 similarity threshold),IMPROVE
https://cash4goldanddiamond.com/10k-diamond-ring-buying-guide/,Supporting article,"10K Diamond Ring Guide: Gold Purity, Stone Weight & Offers","Read a 10K diamond ring description accurately and compare its metal, diamond and complete transaction terms.",/sell-your-golds/,Not explicit in title/H1/intent (may still be implicit via footer NAP/schema),"10K Diamond Ring Guide: Gold Purity, Stone Weight & Offers","10K Diamond Ring Guide: Gold Purity, Stone Weight & Offers",https://cash4goldanddiamond.com/10k-diamond-ring-buying-guide/,"Indexable (follow, index)",750 words - Moderate (300-800 words),5,16,Yes,"Byline: ""Navid · July 29, 2026""; schema: BlogPosting","3 (consumer.ftc.gov, 4cs.gia.edu, www.gia.edu)",2026-09-10T13:14:23.748Z,None detected (nearest text peer below 0.15 similarity threshold),IMPROVE
https://cash4goldanddiamond.com/diamond-carat-weight-guide/,Supporting article,"Diamond Carat Weight: Points, Grams & Total Weight Explained","Understand carats, points, total diamond weight and measured versus estimated weight before discussing an offer.",/sell-your-diamonds-in-los-angeles/,Not explicit in title/H1/intent (may still be implicit via footer NAP/schema),"Diamond Carat Weight: Points, Grams & Total Weight Explained","Diamond Carat Weight: Points, Grams & Total Weight Explained",https://cash4goldanddiamond.com/diamond-carat-weight-guide/,"Indexable (follow, index)",869 words - Deep (800+ words),13,16,Yes,"Byline: ""Navid · August 4, 2026""; schema: BlogPosting",1 (4cs.gia.edu),2026-09-10T04:28:22.168Z,None detected (nearest text peer below 0.15 similarity threshold),KEEP
https://cash4goldanddiamond.com/champagne-diamond-buying-guide-comparison/,Supporting article,"Champagne Diamonds: Brown Color, Reports & Selling Questions","Translate champagne-diamond marketing into a documented color description, natural origin and treatment questions before comparison or sale.",/sell-your-diamonds-in-los-angeles/,Yes,"Champagne Diamonds: Brown Color, Reports & Selling Questions","Champagne Diamonds: Brown Color, Reports & Selling Questions",https://cash4goldanddiamond.com/champagne-diamond-buying-guide-comparison/,"Indexable (follow, index)",742 words - Moderate (300-800 words),4,16,Yes,"Byline: ""Navid · August 2, 2026""; schema: BlogPosting","2 (4cs.gia.edu, www.gia.edu)",2026-09-10T13:14:23.748Z,None detected (nearest text peer below 0.15 similarity threshold),IMPROVE
https://cash4goldanddiamond.com/best-gold-watches-for-women-2026/,Supporting article,"Women’s Gold Watches: Fit, Materials & Selling Preparation","Assess smaller and jewelry-style watches by construction, fit and complete package.",/sell-luxury-watches-in-los-angeles/,Not explicit in title/H1/intent (may still be implicit via footer NAP/schema),"Women’s Gold Watches: Fit, Materials & Selling Preparation","Women’s Gold Watches: Fit, Materials & Selling Preparation",https://cash4goldanddiamond.com/best-gold-watches-for-women-2026/,"Indexable (follow, index)",586 words - Moderate (300-800 words),4,14,Yes,"Byline: ""Navid · August 11, 2026""; schema: BlogPosting","2 (consumer.ftc.gov, www.rolex.com)",2026-09-10T13:43:55.944Z,None detected (nearest text peer below 0.15 similarity threshold),KEEP
https://cash4goldanddiamond.com/loose-diamonds-appraised-los-angeles/,Supporting article,Loose Diamond Appraisals in Los Angeles: Which Service Do You Need?,"Help a loose-diamond owner request the right service: identification or grading, a purpose-specific appraisal, or an offer to buy.",/sell-your-diamonds-in-los-angeles/,Yes,Loose Diamond Appraisals in Los Angeles: Which Service Do You Need?,Loose Diamond Appraisals in Los Angeles: Which Service Do You Need?,https://cash4goldanddiamond.com/loose-diamonds-appraised-los-angeles/,"Indexable (follow, index)",816 words - Deep (800+ words),5,16,Yes,"Byline: ""Navid · August 10, 2026""; schema: BlogPosting","2 (www.gia.edu, 4cs.gia.edu)",2026-09-10T13:14:23.748Z,None detected (nearest text peer below 0.15 similarity threshold),KEEP
https://cash4goldanddiamond.com/4-cs-of-diamonds/,Supporting article,The 4 Cs of Diamonds: Questions to Ask Before Buying or Selling,Use the four quality factors to ask useful questions when comparing or selling a complete diamond item.,/sell-your-diamonds-in-los-angeles/,Not explicit in title/H1/intent (may still be implicit via footer NAP/schema),The 4 Cs of Diamonds: Questions to Ask Before Buying or Selling,The 4 Cs of Diamonds: Questions to Ask Before Buying or Selling,https://cash4goldanddiamond.com/4-cs-of-diamonds/,"Indexable (follow, index)",934 words - Deep (800+ words),17,16,Yes,"Byline: ""Navid · August 6, 2026""; schema: BlogPosting","2 (www.gia.edu, 4cs.gia.edu)",2026-09-10T04:28:22.168Z,None detected (nearest text peer below 0.15 similarity threshold),IMPROVE
https://cash4goldanddiamond.com/best-gold-diamond-buyers-2026-top-5-ranked/,Supporting article,Selling Gold and Diamonds Together: Compare a Complete Offer,"Help sellers evaluate a combined offer for gold and natural-diamond jewelry, especially Cuban chains, bracelets and mixed collections.",/sell-your-diamonds-in-los-angeles/,Yes,Selling Gold and Diamonds Together: Compare a Complete Offer,Selling Gold and Diamonds Together: Compare a Complete Offer,https://cash4goldanddiamond.com/best-gold-diamond-buyers-2026-top-5-ranked/,"Indexable (follow, index)",709 words - Moderate (300-800 words),3,16,Yes,"Byline: ""Navid · August 14, 2026""; schema: BlogPosting","2 (consumer.ftc.gov, www.gia.edu)",2026-09-10T13:56:42.540Z,None detected (nearest text peer below 0.15 similarity threshold),KEEP
https://cash4goldanddiamond.com/best-1-carat-diamond-buyers-2026/,Supporting article,"Selling a 1 Carat Diamond: Weight, Reports & Offer Questions",Prepare an accurately described one-carat diamond or one-carat-total-weight item for a local purchase offer.,/sell-your-diamonds-in-los-angeles/,Yes,"Selling a 1 Carat Diamond: Weight, Reports & Offer Questions","Selling a 1 Carat Diamond: Weight, Reports & Offer Questions",https://cash4goldanddiamond.com/best-1-carat-diamond-buyers-2026/,"Indexable (follow, index)",695 words - Moderate (300-800 words),4,16,Yes,"Byline: ""Navid · July 14, 2026""; schema: BlogPosting","2 (4cs.gia.edu, www.gia.edu)",2026-09-10T13:14:23.748Z,None detected (nearest text peer below 0.15 similarity threshold),KEEP
https://cash4goldanddiamond.com/gold-valuation-how-gold-is-valued/,Supporting article,"How Gold Is Valued: Weight, Purity & Purchase Offers","Maintain the comprehensive gold valuation reference covering purity, weight, testing, jewelry condition and offer interpretation.",/sell-your-golds/,Not explicit in title/H1/intent (may still be implicit via footer NAP/schema),"How Gold Is Valued: Weight, Purity & Purchase Offers","How Gold Is Valued: Weight, Purity & Purchase Offers",https://cash4goldanddiamond.com/gold-valuation-how-gold-is-valued/,"Indexable (follow, index)",2369 words - Deep (800+ words),62,17,Yes,"Byline: ""Navid · August 13, 2026""; schema: BlogPosting","4 (consumer.ftc.gov, www.nist.gov, www.gold.org, www.gia.edu)",2026-09-09T22:52:15.992Z,None detected (nearest text peer below 0.15 similarity threshold),KEEP
https://cash4goldanddiamond.com/how-much-do-pawn-shops-pay-for-gold/,Supporting article,How Much Do Pawn Shops Pay for Gold? Read the Offer Calculation,Explain the arithmetic and units behind a gold purchase offer without presenting invented current prices or standard payout percentages.,/sell-your-golds/,Not explicit in title/H1/intent (may still be implicit via footer NAP/schema),How Much Do Pawn Shops Pay for Gold? Read the Offer Calculation,How Much Do Pawn Shops Pay for Gold? Read the Offer Calculation,https://cash4goldanddiamond.com/how-much-do-pawn-shops-pay-for-gold/,"Indexable (follow, index)",722 words - Moderate (300-800 words),8,16,Yes,"Byline: ""Navid · January 1, 2025""; schema: BlogPosting","2 (files.consumerfinance.gov, www.gold.org)",2026-09-10T13:56:42.540Z,None detected (nearest text peer below 0.15 similarity threshold),KEEP
https://cash4goldanddiamond.com/round-brilliant-diamond-comparison-guide/,Supporting article,Round Brilliant Diamonds: Compare Cut Grades and Reports,"Compare actual round brilliant reports and visual appearance without treating shape, cut grade or marketing language as a resale guarantee.",/sell-your-diamonds-in-los-angeles/,Not explicit in title/H1/intent (may still be implicit via footer NAP/schema),Round Brilliant Diamonds: Compare Cut Grades and Reports,Round Brilliant Diamonds: Compare Cut Grades and Reports,https://cash4goldanddiamond.com/round-brilliant-diamond-comparison-guide/,"Indexable (follow, index)",899 words - Deep (800+ words),6,16,Yes,"Byline: ""Navid · July 26, 2026""; schema: BlogPosting","2 (4cs.gia.edu, www.gia.edu)",2026-09-10T04:28:22.168Z,None detected (nearest text peer below 0.15 similarity threshold),IMPROVE
https://cash4goldanddiamond.com/selling-scrap-gold-your-ultimate-guide-to-maximizing-value/,Supporting article,"Selling Scrap Gold: Broken Jewelry, Purity & Offers",Preserve the focused scrap-gold and large-quantity preparation guide and add source support at the purity explanation.,/sell-your-golds/,Yes,"Selling Scrap Gold: Broken Jewelry, Purity & Offers","Selling Scrap Gold: Broken Jewelry, Purity & Offers",https://cash4goldanddiamond.com/selling-scrap-gold-your-ultimate-guide-to-maximizing-value/,"Indexable (follow, index)",844 words - Deep (800+ words),22,17,Yes,"Byline: ""Navid · January 9, 2025""; schema: BlogPosting","2 (www.gold.org, consumer.ftc.gov)",2026-09-09T23:38:32.511Z,None detected (nearest text peer below 0.15 similarity threshold),KEEP
https://cash4goldanddiamond.com/how-much-will-a-14k-gold-necklace-worth-pay-me/,Supporting article,How Much Is a 14K Gold Necklace Worth?,Preserve the necklace-specific guide and explicitly connect its nominal purity example to a primary reference.,/sell-your-golds/,Yes,How Much Is a 14K Gold Necklace Worth?,How Much Is a 14K Gold Necklace Worth?,https://cash4goldanddiamond.com/how-much-will-a-14k-gold-necklace-worth-pay-me/,"Indexable (follow, index)",744 words - Moderate (300-800 words),11,17,Yes,"Byline: ""Navid · January 6, 2025""; schema: BlogPosting",1 (www.gold.org),2026-09-09T23:38:32.511Z,None detected (nearest text peer below 0.15 similarity threshold),KEEP
https://cash4goldanddiamond.com/where-to-sell-your-antique-gold-jewelry-for-the-best-price-expert-guide/,Supporting article,"Selling Antique Gold Jewelry: Preserve the Piece, Compare Offers",Preserve and document antique gold jewelry for a complete-piece evaluation before comparing selling arrangements.,/sell-estate-jewelry-los-angeles/,Yes,"Selling Antique Gold Jewelry: Preserve the Piece, Compare Offers","Selling Antique Gold Jewelry: Preserve the Piece, Compare Offers",https://cash4goldanddiamond.com/where-to-sell-your-antique-gold-jewelry-for-the-best-price-expert-guide/,"Indexable (follow, index)",717 words - Moderate (300-800 words),9,16,Yes,"Byline: ""Navid · January 17, 2025""; schema: BlogPosting","2 (4cs.gia.edu, www.gia.edu)",2026-09-10T13:43:55.944Z,None detected (nearest text peer below 0.15 similarity threshold),KEEP
https://cash4goldanddiamond.com/real-diamond-watches-for-men-the-ultimate-buying-guide/,Supporting article,"Diamond Watches: Natural Stones, Factory Settings & Value","Separate watch authenticity, stone identity and originality of gem setting.",/sell-luxury-watches-in-los-angeles/,Yes,"Diamond Watches: Natural Stones, Factory Settings & Value","Diamond Watches: Natural Stones, Factory Settings & Value",https://cash4goldanddiamond.com/real-diamond-watches-for-men-the-ultimate-buying-guide/,"Indexable (follow, index)",612 words - Moderate (300-800 words),9,16,Yes,"Byline: ""Navid · November 17, 2024""; schema: BlogPosting","2 (www.gia.edu, www.rolex.com)",2026-09-10T13:43:55.944Z,None detected (nearest text peer below 0.15 similarity threshold),KEEP
https://cash4goldanddiamond.com/sell-your-gold-for-cash-a-step-by-step-guide-to-selling-gold-online/,Supporting article,"Selling Gold Online: Shipping, Offers & Payment Checklist","Give a concrete mail-in gold checklist without inventing a shipping program, insurance amount or payment guarantee.",/sell-your-golds/,Not explicit in title/H1/intent (may still be implicit via footer NAP/schema),"Selling Gold Online: Shipping, Offers & Payment Checklist","Selling Gold Online: Shipping, Offers & Payment Checklist",https://cash4goldanddiamond.com/sell-your-gold-for-cash-a-step-by-step-guide-to-selling-gold-online/,"Indexable (follow, index)",673 words - Moderate (300-800 words),8,18,Yes,"Byline: ""Navid · December 4, 2024""; schema: BlogPosting","3 (faq.usps.com, pe.usps.com, www.gold.org)",2026-09-10T03:30:50.702Z,None detected (nearest text peer below 0.15 similarity threshold),KEEP
https://cash4goldanddiamond.com/local-gold-buyers-vs-online-gold-buyers-which-one-is-best/,Supporting article,Local vs Online Gold Buyers: Compare the Selling Process,"Compare in-person and mail-in evaluations by practical process differences, without claiming one channel universally pays more.",/sell-your-golds/,Not explicit in title/H1/intent (may still be implicit via footer NAP/schema),Local vs Online Gold Buyers: Compare the Selling Process,Local vs Online Gold Buyers: Compare the Selling Process,https://cash4goldanddiamond.com/local-gold-buyers-vs-online-gold-buyers-which-one-is-best/,"Indexable (follow, index)",649 words - Moderate (300-800 words),10,17,Yes,"Byline: ""Navid · January 14, 2025""; schema: BlogPosting","2 (faq.usps.com, www.gold.org)",2026-09-10T03:30:50.702Z,None detected (nearest text peer below 0.15 similarity threshold),KEEP
https://cash4goldanddiamond.com/3-5-carat-oval-diamond-ring-buying-step-by-step-guide/,Supporting article,"3.5 Carat Oval Diamond Ring: Measurements, Bow Tie & Setting","Compare a 3.5-carat oval diamond using its actual measurements, moving appearance, report and proposed setting.",/sell-your-diamonds-in-los-angeles/,Not explicit in title/H1/intent (may still be implicit via footer NAP/schema),"3.5 Carat Oval Diamond Ring: Measurements, Bow Tie & Setting","3.5 Carat Oval Diamond Ring: Measurements, Bow Tie & Setting",https://cash4goldanddiamond.com/3-5-carat-oval-diamond-ring-buying-step-by-step-guide/,"Indexable (follow, index)",715 words - Moderate (300-800 words),8,16,Yes,"Byline: ""Navid · November 26, 2024""; schema: BlogPosting","2 (4cs.gia.edu, www.gia.edu)",2026-09-10T13:14:23.748Z,None detected (nearest text peer below 0.15 similarity threshold),IMPROVE
https://cash4goldanddiamond.com/2-carat-diamond-ring-price-complete-buying-guide/,Supporting article,2 Carat Diamond Ring Price: How to Compare Complete Quotes,"Build a comparable complete-ring quote for a two-carat natural diamond using exact stone specifications, dimensions and setting costs.",/sell-your-diamonds-in-los-angeles/,Not explicit in title/H1/intent (may still be implicit via footer NAP/schema),2 Carat Diamond Ring Price: How to Compare Complete Quotes,2 Carat Diamond Ring Price: How to Compare Complete Quotes,https://cash4goldanddiamond.com/2-carat-diamond-ring-price-complete-buying-guide/,"Indexable (follow, index)",717 words - Moderate (300-800 words),8,16,Yes,"Byline: ""Navid · November 30, 2024""; schema: BlogPosting","2 (4cs.gia.edu, www.gia.edu)",2026-09-10T13:14:23.748Z,None detected (nearest text peer below 0.15 similarity threshold),IMPROVE
https://cash4goldanddiamond.com/top-7-real-diamond-watches-for-men-how-to-choose-the-best-diamond-watches-for-men-in-2024/,Supporting article,Diamond Watch Checklist: Seven Questions Before Buying or Selling,"Provide seven actionable checks for a proposed diamond-watch transaction, not a fake product ranking.",/sell-luxury-watches-in-los-angeles/,Not explicit in title/H1/intent (may still be implicit via footer NAP/schema),Diamond Watch Checklist: Seven Questions Before Buying or Selling,Diamond Watch Checklist: Seven Questions Before Buying or Selling,https://cash4goldanddiamond.com/top-7-real-diamond-watches-for-men-how-to-choose-the-best-diamond-watches-for-men-in-2024/,"Indexable (follow, index)",658 words - Moderate (300-800 words),7,16,Yes,"Byline: ""Navid · November 24, 2024""; schema: BlogPosting","2 (www.gia.edu, consumer.ftc.gov)",2026-09-10T13:43:55.944Z,None detected (nearest text peer below 0.15 similarity threshold),KEEP
https://cash4goldanddiamond.com/sell-luxury-watches-in-los-angeles/,Primary commercial/service page,Luxury Watch Buyer Los Angeles | Sell Rolex & Watches,Luxury Watch Buyer Los Angeles – Sell Rolex & Luxury Watches,/sell-luxury-watches-in-los-angeles/,Yes,Luxury Watch Buyer Los Angeles | Sell Rolex & Watches,Luxury Watch Buyer Los Angeles – Sell Rolex & Luxury Watches,https://cash4goldanddiamond.com/sell-luxury-watches-in-los-angeles/,"Indexable (follow, index)",1769 words - Deep (800+ words),203,18,Yes,No visible byline; schema: WebPage,None,No article:modified_time/published_time meta found,None detected (nearest text peer below 0.15 similarity threshold),NOT PREVIOUSLY REVIEWED - needs manual editorial pass before any action
https://cash4goldanddiamond.com/sell-your-diamonds-in-los-angeles/,Primary commercial/service page,Natural Diamond Buyers Los Angeles | Any Size & Shape,Natural Diamond Buyers in Los Angeles,/sell-your-diamonds-in-los-angeles/,Yes,Natural Diamond Buyers Los Angeles | Any Size & Shape,Natural Diamond Buyers in Los Angeles,https://cash4goldanddiamond.com/sell-your-diamonds-in-los-angeles/,"Indexable (follow, index)",1623 words - Deep (800+ words),203,20,Yes,No visible byline; schema: WebPage,None,No article:modified_time/published_time meta found,None detected (nearest text peer below 0.15 similarity threshold),NOT PREVIOUSLY REVIEWED - needs manual editorial pass before any action
https://cash4goldanddiamond.com/how-much-is-10kt-gold-worth/,Supporting article,"How Much Is 10KT Gold Worth? Content, Marks & Condition","Explain how to identify a 10KT valuation question and separate markings, alloy quantity and jewelry condition from a purchase offer.",/sell-your-golds/,Not explicit in title/H1/intent (may still be implicit via footer NAP/schema),"How Much Is 10KT Gold Worth? Content, Marks & Condition","How Much Is 10KT Gold Worth? Content, Marks & Condition",https://cash4goldanddiamond.com/how-much-is-10kt-gold-worth/,"Indexable (follow, index)",645 words - Moderate (300-800 words),10,19,Yes,"Byline: ""Navid · December 30, 2024""; schema: BlogPosting","2 (www.gold.org, consumer.ftc.gov)",2026-09-10T03:30:50.702Z,None detected (nearest text peer below 0.15 similarity threshold),KEEP
https://cash4goldanddiamond.com/start-selling-gold-and-diamonds/,Supporting page,"Sell Gold, Natural Diamonds & Luxury Watches in Downtown LA","Sell Gold, Diamonds, Watches & Gemstones in Los Angeles",Not mapped in keyword-map.csv,Yes,"Sell Gold, Natural Diamonds & Luxury Watches in Downtown LA","Sell Gold, Diamonds, Watches & Gemstones in Los Angeles",https://cash4goldanddiamond.com/start-selling-gold-and-diamonds/,"Indexable (follow, index)",108 words - Thin (<300 words),203,13,No,No visible byline; schema: none,None,No article:modified_time/published_time meta found,None detected (nearest text peer below 0.15 similarity threshold),NOT PREVIOUSLY REVIEWED - needs manual editorial pass before any action
https://cash4goldanddiamond.com/reviews/,Supporting page,Cash 4 Gold and Diamond Reviews | 5-Star Client Feedback,Client Reviews – Cash for Gold & Diamonds in Los Angeles,Not mapped in keyword-map.csv,Yes,Cash 4 Gold & Diamonds Reviews | Downtown Los Angeles,Customer Reviews & Planning Your Visit,https://cash4goldanddiamond.com/reviews/,"Indexable (follow, index)",301 words - Moderate (300-800 words),202,13,Yes,No visible byline; schema: WebPage,None,No article:modified_time/published_time meta found,None detected (nearest text peer below 0.15 similarity threshold),NOT PREVIOUSLY REVIEWED - needs manual editorial pass before any action
https://cash4goldanddiamond.com/about-us-sell-gold-and-diamonds-online/,Supporting page,Sell Gold and Diamonds Online with Cash 4 Gold & Diamond,"About Cash 4 Gold & Diamonds, Los Angeles",Not mapped in keyword-map.csv,Yes,About Cash 4 Gold & Diamonds | Downtown Los Angeles,About Cash 4 Gold & Diamonds,https://cash4goldanddiamond.com/about-us-sell-gold-and-diamonds-online/,"Indexable (follow, index)",227 words - Thin (<300 words),203,13,Yes,No visible byline; schema: WebPage,None,No article:modified_time/published_time meta found,None detected (nearest text peer below 0.15 similarity threshold),NOT PREVIOUSLY REVIEWED - needs manual editorial pass before any action
https://cash4goldanddiamond.com/contact-us/,Supporting page,Contact Cash 4 Gold & Diamonds | Downtown Los Angeles,Contact Cash 4 Gold & Diamonds,Not mapped in keyword-map.csv,Yes,Contact Cash 4 Gold & Diamonds | Downtown Los Angeles,Contact Cash 4 Gold & Diamonds,https://cash4goldanddiamond.com/contact-us/,"Indexable (follow, index)",346 words - Moderate (300-800 words),202,13,Yes,No visible byline; schema: none,1 (www.google.com),No article:modified_time/published_time meta found,None detected (nearest text peer below 0.15 similarity threshold),NOT PREVIOUSLY REVIEWED - needs manual editorial pass before any action
https://cash4goldanddiamond.com/sell-estate-jewelry-los-angeles/,Primary commercial/service page,"Sell Estate & Inherited Jewelry in Los Angeles, CA",Turn Your Inheritance Gold into Cash Today!,/sell-estate-jewelry-los-angeles/,Yes,Estate & Antique Jewelry Buyer Los Angeles | Inherited Jewelry,"Sell Estate, Inherited & Antique Jewelry in Los Angeles",https://cash4goldanddiamond.com/sell-estate-jewelry-los-angeles/,"Indexable (follow, index)",1127 words - Deep (800+ words),202,18,Yes,No visible byline; schema: WebPage,1 (www.google.com),No article:modified_time/published_time meta found,None detected (nearest text peer below 0.15 similarity threshold),NOT PREVIOUSLY REVIEWED - needs manual editorial pass before any action
https://cash4goldanddiamond.com/faqs/,Supporting page,FAQs: Cash 4 Gold & Diamond | Top 10 Questions Answered,Frequently Asked Questions - Cash 4 Gold and Diamond,Not mapped in keyword-map.csv,Yes,"Selling Jewelry FAQs | Cash 4 Gold & Diamonds, Los Angeles","Questions About Selling Gold, Diamonds & Watches",https://cash4goldanddiamond.com/faqs/,"Indexable (follow, index)",320 words - Moderate (300-800 words),203,13,No,No visible byline; schema: WebPage,None,No article:modified_time/published_time meta found,None detected (nearest text peer below 0.15 similarity threshold),NOT PREVIOUSLY REVIEWED - needs manual editorial pass before any action
https://cash4goldanddiamond.com/blogs/,Blog archive/index,"Gold, Diamond & Rolex Selling Guides | Downtown Los Angeles","Gold, Diamond & Jewelry Selling Guides",Not mapped in keyword-map.csv,Yes,"Gold, Diamond & Rolex Selling Guides | Downtown Los Angeles","Gold, Diamond & Jewelry Selling Guides",https://cash4goldanddiamond.com/blogs/,"Indexable (follow, index)",3480 words - Deep (800+ words),202,124,No,No visible byline; schema: none,None,No article:modified_time/published_time meta found,None detected (nearest text peer below 0.15 similarity threshold),NOT PREVIOUSLY REVIEWED - needs manual editorial pass before any action
https://cash4goldanddiamond.com/sell-your-golds/,Primary commercial/service page,"Gold Buyer Downtown Los Angeles | Scrap Gold, Chains & Coins",gold buyer Downtown Los Angeles,/sell-your-golds/,Yes,"Gold Buyer Los Angeles | Sell Gold Jewelry, Scrap & Coins","Gold Buyer Los Angeles — Sell Gold Jewelry, Scrap & Coins",https://cash4goldanddiamond.com/sell-your-golds/,"Indexable (follow, index)",1361 words - Deep (800+ words),203,19,Yes,No visible byline; schema: WebPage,"3 (www.gold.org, www.gia.edu, www.google.com)",No article:modified_time/published_time meta found,None detected (nearest text peer below 0.15 similarity threshold),NOT PREVIOUSLY REVIEWED - needs manual editorial pass before any action
https://cash4goldanddiamond.com/privacy-policy/,Supporting page,Website Privacy Information | Cash 4 Gold & Diamonds,Website Privacy Information,Not mapped in keyword-map.csv,Not explicit in title/H1/intent (may still be implicit via footer NAP/schema),Website Privacy Information | Cash 4 Gold & Diamonds,Website Privacy Information,https://cash4goldanddiamond.com/privacy-policy/,"Indexable (follow, index)",759 words - Moderate (300-800 words),202,13,Yes,No visible byline; schema: WebPage,"3 (www.cloudflare.com, resend.com, policies.google.com)",No article:modified_time/published_time meta found,None detected (nearest text peer below 0.15 similarity threshold),NOT PREVIOUSLY REVIEWED - needs manual editorial pass before any action
https://cash4goldanddiamond.com/sell-gemstones-for-cash-in-los-angeles/,Primary commercial/service page,"Large, High-Quality Gemstone Buyer in Los Angeles","Large, High-Quality Gemstone Buyer in Los Angeles",/sell-gemstones-for-cash-in-los-angeles/,Yes,"Large, High-Quality Gemstone Buyer in Los Angeles","Large, High-Quality Gemstone Buyer in Los Angeles",https://cash4goldanddiamond.com/sell-gemstones-for-cash-in-los-angeles/,"Indexable (follow, index)",479 words - Moderate (300-800 words),203,17,Yes,No visible byline; schema: WebPage,1 (www.gia.edu),No article:modified_time/published_time meta found,None detected (nearest text peer below 0.15 similarity threshold),NOT PREVIOUSLY REVIEWED - needs manual editorial pass before any action
https://cash4goldanddiamond.com/best-gold-bars-2026-top-dealers-ranked/,Supporting article,"Gold Bars: Compare Dealer Quotes, Records and Resale Terms","Compare the transaction, not a star rating",/sell-your-golds/,Yes,"Gold Bars: Compare Dealer Quotes, Records and Resale Terms","Gold Bars: Compare Dealer Quotes, Records and Resale Terms",https://cash4goldanddiamond.com/best-gold-bars-2026-top-dealers-ranked/,"Indexable (follow, index)",857 words - Deep (800+ words),1,15,Yes,"Byline: ""Navid · September 10, 2026""; schema: BlogPosting","3 (www.cftc.gov, www.lbma.org.uk, www.gold.org)",2026-09-10T16:50:39.311Z,None detected (nearest text peer below 0.15 similarity threshold),IMPROVE
https://cash4goldanddiamond.com/best-gold-jewelry-buyers-los-angeles-2026/,Supporting article,Compare Gold and Jewelry Buyer Offers in Los Angeles,Compare the same items and transaction terms,/sell-your-golds/,Yes,Compare Gold and Jewelry Buyer Offers in Los Angeles,Compare Gold and Jewelry Buyer Offers in Los Angeles,https://cash4goldanddiamond.com/best-gold-jewelry-buyers-los-angeles-2026/,"Indexable (follow, index)",1089 words - Deep (800+ words),4,15,Yes,"Byline: ""Navid · June 26, 2026""; schema: BlogPosting","3 (consumer.ftc.gov, www.gia.edu, 4cs.gia.edu)",2026-09-10T18:32:23.716Z,None detected (nearest text peer below 0.15 similarity threshold),KEEP
https://cash4goldanddiamond.com/gold-watches-for-men/,Article (unclassified role - not in keyword map),"Gold Watches for Men: Materials, Records and Resale Value",Not documented in prior audits,Not mapped in keyword-map.csv,Not explicit in title/H1/intent (may still be implicit via footer NAP/schema),"Gold Watches for Men: Materials, Records and Resale Value","Gold Watches for Men: Materials, Records and Resale Value",https://cash4goldanddiamond.com/gold-watches-for-men/,"Indexable (follow, index)",1317 words - Deep (800+ words),1,15,Yes,"Byline: ""Navid · September 14, 2026""; schema: BlogPosting","2 (consumer.ftc.gov, www.rolex.com)",2026-09-14T15:10:24.461Z,None detected (nearest text peer below 0.15 similarity threshold),NOT PREVIOUSLY REVIEWED - needs manual editorial pass before any action
https://cash4goldanddiamond.com/18k-gold-jewelry-guide/,Article (unclassified role - not in keyword map),"18K Gold Jewelry: Purity, Markings and Selling Preparation",Not documented in prior audits,Not mapped in keyword-map.csv,Not explicit in title/H1/intent (may still be implicit via footer NAP/schema),"18K Gold Jewelry: Purity, Markings and Selling Preparation","18K Gold Jewelry: Purity, Markings and Selling Preparation",https://cash4goldanddiamond.com/18k-gold-jewelry-guide/,"Indexable (follow, index)",1444 words - Deep (800+ words),4,15,Yes,"Byline: ""Navid · September 13, 2026""; schema: BlogPosting","2 (consumer.ftc.gov, www.gold.org)",2026-09-14T15:10:24.461Z,None detected (nearest text peer below 0.15 similarity threshold),NOT PREVIOUSLY REVIEWED - needs manual editorial pass before any action
https://cash4goldanddiamond.com/14k-gold-rings-for-women/,Article (unclassified role - not in keyword map),"14K Gold Rings for Women: Quality, Care and Resale Checks",Not documented in prior audits,Not mapped in keyword-map.csv,Not explicit in title/H1/intent (may still be implicit via footer NAP/schema),"14K Gold Rings for Women: Quality, Care and Resale Checks","14K Gold Rings for Women: Quality, Care and Resale Checks",https://cash4goldanddiamond.com/14k-gold-rings-for-women/,"Indexable (follow, index)",1703 words - Deep (800+ words),2,16,Yes,"Byline: ""Navid · September 12, 2026""; schema: BlogPosting",1 (consumer.ftc.gov),2026-09-14T15:10:24.461Z,None detected (nearest text peer below 0.15 similarity threshold),NOT PREVIOUSLY REVIEWED - needs manual editorial pass before any action
https://cash4goldanddiamond.com/gold-price-per-gram/,Article (unclassified role - not in keyword map),Gold Price Per Gram: Calculate Gold Content and Compare Offers,Not documented in prior audits,Not mapped in keyword-map.csv,Not explicit in title/H1/intent (may still be implicit via footer NAP/schema),Gold Price Per Gram: Calculate Gold Content and Compare Offers,Gold Price Per Gram: Calculate Gold Content and Compare Offers,https://cash4goldanddiamond.com/gold-price-per-gram/,"Indexable (follow, index)",735 words - Moderate (300-800 words),2,17,Yes,"Byline: ""Navid · September 11, 2026""; schema: BlogPosting","2 (consumer.ftc.gov, www.gold.org)",2026-09-14T15:10:24.461Z,None detected (nearest text peer below 0.15 similarity threshold),NOT PREVIOUSLY REVIEWED - needs manual editorial pass before any action
