Existing URL,New URL,Migration Status,Redirect Needed,301 Configured,Content Verified,SEO Metadata Verified
"https://cash4goldanddiamond.com/","https://cash4goldanddiamond.com/","Existing documented editorial revision","false","false","false","false"
"https://cash4goldanddiamond.com/best-gemstone-ring-buyers-los-angeles/","https://cash4goldanddiamond.com/best-gemstone-ring-buyers-los-angeles/","Existing documented editorial revision","false","false","false","false"
"https://cash4goldanddiamond.com/sell-luxury-watch-same-day-cash-los-angeles/","https://cash4goldanddiamond.com/sell-luxury-watch-same-day-cash-los-angeles/","Existing documented editorial revision","false","false","false","false"
"https://cash4goldanddiamond.com/gold-buyer-downtown-los-angeles/","https://cash4goldanddiamond.com/gold-buyer-downtown-los-angeles/","Existing documented editorial revision","false","false","false","false"
"https://cash4goldanddiamond.com/gold-coins-buyer-near-me-downtown/","https://cash4goldanddiamond.com/gold-coins-buyer-near-me-downtown/","Existing documented editorial revision","false","false","false","false"
"https://cash4goldanddiamond.com/uncut-diamond-buyers-los-angeles/","https://cash4goldanddiamond.com/large-diamond-buyer-los-angeles/","Existing documented editorial revision","true","true","false","false"
"https://cash4goldanddiamond.com/best-price-for-diamonds-in-la/","https://cash4goldanddiamond.com/best-price-for-diamonds-in-la/","Existing documented editorial revision","false","false","false","false"
"https://cash4goldanddiamond.com/sell-gold-coins-best-price-los-angeles/","https://cash4goldanddiamond.com/sell-gold-coins-best-price-los-angeles/","Existing documented editorial revision","false","false","false","false"
"https://cash4goldanddiamond.com/where-to-sell-fine-jewelry-downtown-los-angeles/","https://cash4goldanddiamond.com/where-to-sell-fine-jewelry-downtown-los-angeles/","Existing documented editorial revision","false","false","false","false"
"https://cash4goldanddiamond.com/best-certified-diamond-appraisers-los-angeles/","https://cash4goldanddiamond.com/best-certified-diamond-appraisers-los-angeles/","Existing documented editorial revision","false","false","false","false"
"https://cash4goldanddiamond.com/best-gold-bracelet-buyers-los-angeles-2026/","https://cash4goldanddiamond.com/best-gold-bracelet-buyers-los-angeles-2026/","Existing documented editorial revision","false","false","false","false"
"https://cash4goldanddiamond.com/best-vintage-rolex-buyer-downtown-los-angeles-2026/","https://cash4goldanddiamond.com/best-vintage-rolex-buyer-downtown-los-angeles-2026/","Existing documented editorial revision","false","false","false","false"
"https://cash4goldanddiamond.com/best-gold-coin-buyers-los-angeles-2026/","https://cash4goldanddiamond.com/best-gold-coin-buyers-los-angeles-2026/","Existing documented editorial revision","false","false","false","false"
"https://cash4goldanddiamond.com/best-diamond-buyers-los-angeles-2026/","https://cash4goldanddiamond.com/best-diamond-buyers-los-angeles-2026/","Existing documented editorial revision","false","false","false","false"
"https://cash4goldanddiamond.com/best-estate-jewelry-buyers-los-angeles-2026/","https://cash4goldanddiamond.com/best-estate-jewelry-buyers-los-angeles-2026/","Existing documented editorial revision","false","false","false","false"
"https://cash4goldanddiamond.com/gia-certified-lab-grown-diamonds-buyers-ranked-2026/","https://cash4goldanddiamond.com/gia-certified-lab-grown-diamonds-buyers-ranked-2026/","Existing documented editorial revision","false","false","false","false"
"https://cash4goldanddiamond.com/what-makes-a-jewelry-buyer-trustworthy-los-angeles/","https://cash4goldanddiamond.com/what-makes-a-jewelry-buyer-trustworthy-los-angeles/","Existing documented editorial revision","false","false","false","false"
"https://cash4goldanddiamond.com/gia-certified-diamonds-comparison-2026/","https://cash4goldanddiamond.com/gia-certified-diamonds-comparison-2026/","Existing documented editorial revision","false","false","false","false"
"https://cash4goldanddiamond.com/sell-diamond-necklace-for-cash-los-angeles/","https://cash4goldanddiamond.com/sell-diamond-necklace-for-cash-los-angeles/","Existing documented editorial revision","false","false","false","false"
"https://cash4goldanddiamond.com/sell-gold-jewelry-downtown-los-angeles/","https://cash4goldanddiamond.com/sell-gold-jewelry-downtown-los-angeles/","Existing documented editorial revision","false","false","false","false"
"https://cash4goldanddiamond.com/jewelry-district-gold-buyer-los-angeles/","https://cash4goldanddiamond.com/jewelry-district-gold-buyer-los-angeles/","Existing documented editorial revision","false","false","false","false"
"https://cash4goldanddiamond.com/loose-diamond-appraisal-downtown-los-angeles/","https://cash4goldanddiamond.com/loose-diamond-appraisal-downtown-los-angeles/","Existing documented editorial revision","false","false","false","false"
"https://cash4goldanddiamond.com/diamond-price-guide-2026/","https://cash4goldanddiamond.com/diamond-price-guide-2026/","Existing documented editorial revision","false","false","false","false"
"https://cash4goldanddiamond.com/free-diamond-appraisal-same-day-cash/","https://cash4goldanddiamond.com/free-diamond-appraisal-same-day-cash/","Existing documented editorial revision","false","false","false","false"
"https://cash4goldanddiamond.com/best-22k-gold-jewelry-2026-top-5-buyers-sellers-ranked/","https://cash4goldanddiamond.com/best-22k-gold-jewelry-2026-top-5-buyers-sellers-ranked/","Existing documented editorial revision","false","false","false","false"
"https://cash4goldanddiamond.com/best-sapphire-diamond-jewelry-buyers-los-angeles/","https://cash4goldanddiamond.com/best-sapphire-diamond-jewelry-buyers-los-angeles/","Existing documented editorial revision","false","false","false","false"
"https://cash4goldanddiamond.com/best-14k-solid-gold-rings-2026-top-buyers-sellers-ranked/","https://cash4goldanddiamond.com/best-14k-solid-gold-rings-2026-top-buyers-sellers-ranked/","Existing documented editorial revision","false","false","false","false"
"https://cash4goldanddiamond.com/best-14k-gold-rings-2026/","https://cash4goldanddiamond.com/best-14k-gold-rings-2026/","Existing documented editorial revision","false","false","false","false"
"https://cash4goldanddiamond.com/best-gold-rolex-buyers-2026/","https://cash4goldanddiamond.com/best-gold-rolex-buyers-2026/","Existing documented editorial revision","false","false","false","false"
"https://cash4goldanddiamond.com/how-much-is-my-gold-worth-valuation-guide-2026/","https://cash4goldanddiamond.com/how-much-is-my-gold-worth-valuation-guide-2026/","Existing documented editorial revision","false","false","false","false"
"https://cash4goldanddiamond.com/trusted-jewelry-buyer-los-angeles-reviews/","https://cash4goldanddiamond.com/trusted-jewelry-buyer-los-angeles-reviews/","Existing documented editorial revision","false","false","false","false"
"https://cash4goldanddiamond.com/diamond-chart-4cs-guide/","https://cash4goldanddiamond.com/diamond-chart-4cs-guide/","Existing documented editorial revision","false","false","false","false"
"https://cash4goldanddiamond.com/how-to-value-estate-jewelry-pieces/","https://cash4goldanddiamond.com/how-to-value-estate-jewelry-pieces/","Existing documented editorial revision","false","false","false","false"
"https://cash4goldanddiamond.com/best-emerald-ring-gold-2026/","https://cash4goldanddiamond.com/best-emerald-ring-gold-2026/","Existing documented editorial revision","false","false","false","false"
"https://cash4goldanddiamond.com/best-24k-gold-chains-2026/","https://cash4goldanddiamond.com/best-24k-gold-chains-2026/","Existing documented editorial revision","false","false","false","false"
"https://cash4goldanddiamond.com/best-14k-white-gold-rings-2026-top-5-ranked/","https://cash4goldanddiamond.com/best-14k-white-gold-rings-2026-top-5-ranked/","Existing documented editorial revision","false","false","false","false"
"https://cash4goldanddiamond.com/best-10k-gold-mens-rings-2026-ranked/","https://cash4goldanddiamond.com/best-10k-gold-mens-rings-2026-ranked/","Existing documented editorial revision","false","false","false","false"
"https://cash4goldanddiamond.com/best-14k-gold-chain-2026-top-5-ranked/","https://cash4goldanddiamond.com/best-14k-gold-chain-2026-top-5-ranked/","Existing documented editorial revision","false","false","false","false"
"https://cash4goldanddiamond.com/best-gold-watches-2026-top-5-ranked/","https://cash4goldanddiamond.com/best-gold-watches-2026-top-5-ranked/","Existing documented editorial revision","false","false","false","false"
"https://cash4goldanddiamond.com/best-14k-gold-belly-rings-2026/","https://cash4goldanddiamond.com/best-14k-gold-belly-rings-2026/","Existing documented editorial revision","false","false","false","false"
"https://cash4goldanddiamond.com/best-14k-yellow-gold-rings-2026/","https://cash4goldanddiamond.com/best-14k-yellow-gold-rings-2026/","Existing documented editorial revision","false","false","false","false"
"https://cash4goldanddiamond.com/best-18k-gold-rings-for-women-2026/","https://cash4goldanddiamond.com/best-18k-gold-rings-for-women-2026/","Existing documented editorial revision","false","false","false","false"
"https://cash4goldanddiamond.com/best-yellow-gold-rings-2026/","https://cash4goldanddiamond.com/best-yellow-gold-rings-2026/","Existing documented editorial revision","false","false","false","false"
"https://cash4goldanddiamond.com/best-10k-gold-rings-for-women-2026/","https://cash4goldanddiamond.com/best-10k-gold-rings-for-women-2026/","Existing documented editorial revision","false","false","false","false"
"https://cash4goldanddiamond.com/best-gold-rolex-watches-2026-ranked/","https://cash4goldanddiamond.com/best-gold-rolex-watches-2026-ranked/","Existing documented editorial revision","false","false","false","false"
"https://cash4goldanddiamond.com/best-14k-gold-diamond-rings-2026/","https://cash4goldanddiamond.com/best-14k-gold-diamond-rings-2026/","Existing documented editorial revision","false","false","false","false"
"https://cash4goldanddiamond.com/best-black-hills-gold-rings-2026/","https://cash4goldanddiamond.com/best-black-hills-gold-rings-2026/","Existing documented editorial revision","false","false","false","false"
"https://cash4goldanddiamond.com/best-18k-gold-rings-2026-ranked/","https://cash4goldanddiamond.com/best-18k-gold-rings-2026-ranked/","Existing documented editorial revision","false","false","false","false"
"https://cash4goldanddiamond.com/best-10k-gold-rings-2026-top-5-ranked/","https://cash4goldanddiamond.com/best-10k-gold-rings-2026-top-5-ranked/","Existing documented editorial revision","false","false","false","false"
"https://cash4goldanddiamond.com/sell-gold-in-los-angeles/","https://cash4goldanddiamond.com/sell-gold-in-los-angeles/","Existing documented editorial revision","false","false","false","false"
"https://cash4goldanddiamond.com/best-promise-rings-gold-2026/","https://cash4goldanddiamond.com/best-promise-rings-gold-2026/","Existing documented editorial revision","false","false","false","false"
"https://cash4goldanddiamond.com/white-diamond-guide/","https://cash4goldanddiamond.com/white-diamond-guide/","Existing documented editorial revision","false","false","false","false"
"https://cash4goldanddiamond.com/best-place-to-sell-jewelry-los-angeles/","https://cash4goldanddiamond.com/best-place-to-sell-jewelry-los-angeles/","Existing documented editorial revision","false","false","false","false"
"https://cash4goldanddiamond.com/how-to-know-if-diamonds-are-worth-selling/","https://cash4goldanddiamond.com/how-to-know-if-diamonds-are-worth-selling/","Existing documented editorial revision","false","false","false","false"
"https://cash4goldanddiamond.com/los-angeles-gold-jewelry-sales-market-data-2026/","https://cash4goldanddiamond.com/los-angeles-gold-jewelry-sales-market-data-2026/","Existing documented editorial revision","false","false","false","false"
"https://cash4goldanddiamond.com/gold-buyer-downtown-los-angeles-2/","https://cash4goldanddiamond.com/gold-buyer-downtown-los-angeles-2/","Existing documented editorial revision","false","false","false","false"
"https://cash4goldanddiamond.com/white-gold-guide/","https://cash4goldanddiamond.com/white-gold-guide/","Existing documented editorial revision","false","false","false","false"
"https://cash4goldanddiamond.com/legitimate-gold-buyer-vs-pawn-shop/","https://cash4goldanddiamond.com/legitimate-gold-buyer-vs-pawn-shop/","Existing documented editorial revision","false","false","false","false"
"https://cash4goldanddiamond.com/how-jewelry-buyers-determine-gold-value/","https://cash4goldanddiamond.com/how-jewelry-buyers-determine-gold-value/","Existing documented editorial revision","false","false","false","false"
"https://cash4goldanddiamond.com/how-much-is-my-gold-worth-gold-buyers-ranked/","https://cash4goldanddiamond.com/how-much-is-my-gold-worth-gold-buyers-ranked/","Existing documented editorial revision","false","false","false","false"
"https://cash4goldanddiamond.com/10k-gold-price-per-gram-pawn-shop/","https://cash4goldanddiamond.com/10k-gold-price-per-gram-pawn-shop/","Existing documented editorial revision","false","false","false","false"
"https://cash4goldanddiamond.com/selling-gold-jewelry-los-angeles/","https://cash4goldanddiamond.com/selling-gold-jewelry-los-angeles/","Existing documented editorial revision","false","false","false","false"
"https://cash4goldanddiamond.com/best-price-diamonds-la/","https://cash4goldanddiamond.com/best-price-diamonds-la/","Existing documented editorial revision","false","false","false","false"
"https://cash4goldanddiamond.com/rolex-buyer-los-angeles-cash/","https://cash4goldanddiamond.com/rolex-buyer-los-angeles-cash/","Existing documented editorial revision","false","false","false","false"
"https://cash4goldanddiamond.com/white-gold-vs-yellow-gold/","https://cash4goldanddiamond.com/white-gold-vs-yellow-gold/","Existing documented editorial revision","false","false","false","false"
"https://cash4goldanddiamond.com/14k-gold-price-per-gram-los-angeles/","https://cash4goldanddiamond.com/14k-gold-price-per-gram-los-angeles/","Existing documented editorial revision","false","false","false","false"
"https://cash4goldanddiamond.com/how-to-sell-a-rolex-watch-in-los-angeles/","https://cash4goldanddiamond.com/how-to-sell-a-rolex-watch-in-los-angeles/","Existing documented editorial revision","false","false","false","false"
"https://cash4goldanddiamond.com/how-much-should-i-get-for-my-gold-jewelry/","https://cash4goldanddiamond.com/how-much-should-i-get-for-my-gold-jewelry/","Existing documented editorial revision","false","false","false","false"
"https://cash4goldanddiamond.com/best-inherited-jewelry-valuation-los-angeles-2026/","https://cash4goldanddiamond.com/best-inherited-jewelry-valuation-los-angeles-2026/","Existing documented editorial revision","false","false","false","false"
"https://cash4goldanddiamond.com/where-to-sell-gold-los-angeles/","https://cash4goldanddiamond.com/where-to-sell-gold-los-angeles/","Existing documented editorial revision","false","false","false","false"
"https://cash4goldanddiamond.com/diamond-gem-los-angeles-guide/","https://cash4goldanddiamond.com/diamond-gem-los-angeles-guide/","Existing documented editorial revision","false","false","false","false"
"https://cash4goldanddiamond.com/sell-inherited-jewelry-no-obligation/","https://cash4goldanddiamond.com/sell-inherited-jewelry-no-obligation/","Existing documented editorial revision","false","false","false","false"
"https://cash4goldanddiamond.com/sell-tiffany-jewelry-los-angeles/","https://cash4goldanddiamond.com/sell-tiffany-jewelry-los-angeles/","Existing documented editorial revision","false","false","false","false"
"https://cash4goldanddiamond.com/rolex-day-date-gold-market-analysis-2026-pricing-demand-trends/","https://cash4goldanddiamond.com/rolex-day-date-gold-market-analysis-2026-pricing-demand-trends/","Existing documented editorial revision","false","false","false","false"
"https://cash4goldanddiamond.com/pawn-shops-pay-for-gold-los-angeles/","https://cash4goldanddiamond.com/pawn-shops-pay-for-gold-los-angeles/","Existing documented editorial revision","false","false","false","false"
"https://cash4goldanddiamond.com/platinum-vs-white-gold/","https://cash4goldanddiamond.com/platinum-vs-white-gold/","Existing documented editorial revision","false","false","false","false"
"https://cash4goldanddiamond.com/sell-cartier-jewelry-los-angeles/","https://cash4goldanddiamond.com/sell-cartier-jewelry-los-angeles/","Existing documented editorial revision","false","false","false","false"
"https://cash4goldanddiamond.com/14-karat-gold-market-statistics-2026/","https://cash4goldanddiamond.com/14-karat-gold-market-statistics-2026/","Existing documented editorial revision","false","false","false","false"
"https://cash4goldanddiamond.com/best-14k-white-gold-diamond-rings-2026/","https://cash4goldanddiamond.com/best-14k-white-gold-diamond-rings-2026/","Existing documented editorial revision","false","false","false","false"
"https://cash4goldanddiamond.com/diamond-what-it-is-how-to-value-where-to-sell/","https://cash4goldanddiamond.com/diamond-what-it-is-how-to-value-where-to-sell/","Existing documented editorial revision","false","false","false","false"
"https://cash4goldanddiamond.com/where-to-sell-rolex-watch-los-angeles/","https://cash4goldanddiamond.com/where-to-sell-rolex-watch-los-angeles/","Existing documented editorial revision","false","false","false","false"
"https://cash4goldanddiamond.com/10k-diamond-ring-buying-guide/","https://cash4goldanddiamond.com/10k-diamond-ring-buying-guide/","Existing documented editorial revision","false","false","false","false"
"https://cash4goldanddiamond.com/best-14k-white-gold-engagement-rings-2026/","https://cash4goldanddiamond.com/best-14k-white-gold-engagement-rings-2026/","Existing documented editorial revision","false","false","false","false"
"https://cash4goldanddiamond.com/best-10k-white-gold-rings-2026/","https://cash4goldanddiamond.com/best-10k-white-gold-rings-2026/","Existing documented editorial revision","false","false","false","false"
"https://cash4goldanddiamond.com/diamond-carat-weight-guide/","https://cash4goldanddiamond.com/diamond-carat-weight-guide/","Existing documented editorial revision","false","false","false","false"
"https://cash4goldanddiamond.com/best-gold-watches-for-women-2026/","https://cash4goldanddiamond.com/best-gold-watches-for-women-2026/","Existing documented editorial revision","false","false","false","false"
"https://cash4goldanddiamond.com/champagne-diamond-buying-guide-comparison/","https://cash4goldanddiamond.com/champagne-diamond-buying-guide-comparison/","Existing documented editorial revision","false","false","false","false"
"https://cash4goldanddiamond.com/best-gold-diamond-buyers-2026-top-5-ranked/","https://cash4goldanddiamond.com/best-gold-diamond-buyers-2026-top-5-ranked/","Existing documented editorial revision","false","false","false","false"
"https://cash4goldanddiamond.com/loose-diamonds-appraised-los-angeles/","https://cash4goldanddiamond.com/loose-diamonds-appraised-los-angeles/","Existing documented editorial revision","false","false","false","false"
"https://cash4goldanddiamond.com/4-cs-of-diamonds/","https://cash4goldanddiamond.com/4-cs-of-diamonds/","Existing documented editorial revision","false","false","false","false"
"https://cash4goldanddiamond.com/best-14k-yellow-gold-rings-2026-2/","https://cash4goldanddiamond.com/best-14k-yellow-gold-rings-2026-2/","Existing documented editorial revision","false","false","false","false"
"https://cash4goldanddiamond.com/best-1-carat-diamond-buyers-2026/","https://cash4goldanddiamond.com/best-1-carat-diamond-buyers-2026/","Existing documented editorial revision","false","false","false","false"
"https://cash4goldanddiamond.com/gold-valuation-how-gold-is-valued/","https://cash4goldanddiamond.com/gold-valuation-how-gold-is-valued/","Existing documented editorial revision","false","false","false","false"
"https://cash4goldanddiamond.com/best-14k-white-gold-engagement-rings-2026-2/","https://cash4goldanddiamond.com/best-14k-white-gold-engagement-rings-2026-2/","Existing documented editorial revision","false","false","false","false"
"https://cash4goldanddiamond.com/how-much-do-pawn-shops-pay-for-gold/","https://cash4goldanddiamond.com/how-much-do-pawn-shops-pay-for-gold/","Existing documented editorial revision","false","false","false","false"
"https://cash4goldanddiamond.com/round-brilliant-diamond-comparison-guide/","https://cash4goldanddiamond.com/round-brilliant-diamond-comparison-guide/","Existing documented editorial revision","false","false","false","false"
"https://cash4goldanddiamond.com/selling-scrap-gold-your-ultimate-guide-to-maximizing-value/","https://cash4goldanddiamond.com/selling-scrap-gold-your-ultimate-guide-to-maximizing-value/","Existing documented editorial revision","false","false","false","false"
"https://cash4goldanddiamond.com/best-black-hills-gold-rings-2026-2/","https://cash4goldanddiamond.com/best-black-hills-gold-rings-2026-2/","Existing documented editorial revision","false","false","false","false"
"https://cash4goldanddiamond.com/best-18k-gold-rings-2026-ranked-2/","https://cash4goldanddiamond.com/best-18k-gold-rings-2026-ranked-2/","Existing documented editorial revision","false","false","false","false"
"https://cash4goldanddiamond.com/how-much-will-a-14k-gold-necklace-worth-pay-me/","https://cash4goldanddiamond.com/how-much-will-a-14k-gold-necklace-worth-pay-me/","Existing documented editorial revision","false","false","false","false"
"https://cash4goldanddiamond.com/real-diamond-watches-for-men-the-ultimate-buying-guide/","https://cash4goldanddiamond.com/real-diamond-watches-for-men-the-ultimate-buying-guide/","Existing documented editorial revision","false","false","false","false"
"https://cash4goldanddiamond.com/where-to-sell-your-antique-gold-jewelry-for-the-best-price-expert-guide/","https://cash4goldanddiamond.com/where-to-sell-your-antique-gold-jewelry-for-the-best-price-expert-guide/","Existing documented editorial revision","false","false","false","false"
"https://cash4goldanddiamond.com/sell-your-gold-for-cash-a-step-by-step-guide-to-selling-gold-online/","https://cash4goldanddiamond.com/sell-your-gold-for-cash-a-step-by-step-guide-to-selling-gold-online/","Existing documented editorial revision","false","false","false","false"
"https://cash4goldanddiamond.com/3-5-carat-oval-diamond-ring-buying-step-by-step-guide/","https://cash4goldanddiamond.com/3-5-carat-oval-diamond-ring-buying-step-by-step-guide/","Existing documented editorial revision","false","false","false","false"
"https://cash4goldanddiamond.com/local-gold-buyers-vs-online-gold-buyers-which-one-is-best/","https://cash4goldanddiamond.com/local-gold-buyers-vs-online-gold-buyers-which-one-is-best/","Existing documented editorial revision","false","false","false","false"
"https://cash4goldanddiamond.com/sell-luxury-watches-in-los-angeles/","https://cash4goldanddiamond.com/sell-luxury-watches-in-los-angeles/","Existing documented editorial revision","false","false","false","true"
"https://cash4goldanddiamond.com/2-carat-diamond-ring-price-complete-buying-guide/","https://cash4goldanddiamond.com/2-carat-diamond-ring-price-complete-buying-guide/","Existing documented editorial revision","false","false","false","false"
"https://cash4goldanddiamond.com/top-7-real-diamond-watches-for-men-how-to-choose-the-best-diamond-watches-for-men-in-2024/","https://cash4goldanddiamond.com/top-7-real-diamond-watches-for-men-how-to-choose-the-best-diamond-watches-for-men-in-2024/","Existing documented editorial revision","false","false","false","false"
"https://cash4goldanddiamond.com/start-selling-gold-and-diamonds/","https://cash4goldanddiamond.com/start-selling-gold-and-diamonds/","Existing documented editorial revision","false","false","false","false"
"https://cash4goldanddiamond.com/sell-your-diamonds-in-los-angeles/","https://cash4goldanddiamond.com/sell-your-diamonds-in-los-angeles/","Existing documented editorial revision","false","false","false","false"
"https://cash4goldanddiamond.com/how-much-is-10kt-gold-worth/","https://cash4goldanddiamond.com/how-much-is-10kt-gold-worth/","Existing documented editorial revision","false","false","false","false"
"https://cash4goldanddiamond.com/contact-us/","https://cash4goldanddiamond.com/contact-us/","Existing documented editorial revision","false","false","false","false"
"https://cash4goldanddiamond.com/reviews/","https://cash4goldanddiamond.com/reviews/","URL retained","false","false","true","true"
"https://cash4goldanddiamond.com/about-us-sell-gold-and-diamonds-online/","https://cash4goldanddiamond.com/about-us-sell-gold-and-diamonds-online/","Existing documented editorial revision","false","false","false","false"
"https://cash4goldanddiamond.com/faqs/","https://cash4goldanddiamond.com/faqs/","URL retained","false","false","true","true"
"https://cash4goldanddiamond.com/blogs/","https://cash4goldanddiamond.com/blogs/","Existing documented editorial revision","false","false","false","false"
"https://cash4goldanddiamond.com/sell-estate-jewelry-los-angeles/","https://cash4goldanddiamond.com/sell-estate-jewelry-los-angeles/","Existing documented editorial revision","false","false","false","true"
"https://cash4goldanddiamond.com/sell-your-golds/","https://cash4goldanddiamond.com/sell-your-golds/","Existing documented editorial revision","false","false","false","false"
"https://cash4goldanddiamond.com/locations.kml","","Source error/non-HTML needs disposition","false","false","",""
"https://cash4goldanddiamond.com/privacy-policy/","https://cash4goldanddiamond.com/privacy-policy/","Existing documented editorial revision","false","false","false","false"
"https://cash4goldanddiamond.com/faq/","https://cash4goldanddiamond.com/faqs/","URL retained","true","true","true","true"
"https://cash4goldanddiamond.com/sell-gemstones-for-cash-in-los-angeles/","https://cash4goldanddiamond.com/sell-gemstones-for-cash-in-los-angeles/","Existing documented editorial revision","false","false","false","false"
"https://cash4goldanddiamond.com/author/navid-lalezari/","https://cash4goldanddiamond.com/author/navid-lalezari/","Existing documented editorial revision","false","false","false","false"
"https://cash4goldanddiamond.com/e-commerce-retail/","https://cash4goldanddiamond.com/e-commerce-retail/","Existing documented editorial revision","false","false","false","false"
"https://cash4goldanddiamond.com/about/","https://cash4goldanddiamond.com/about-us-sell-gold-and-diamonds-online/","Existing documented editorial revision","true","true","false","false"
"https://cash4goldanddiamond.com/best-place-to-sell-jewelry-in-los-angeles/","https://cash4goldanddiamond.com/best-place-to-sell-jewelry-los-angeles/","Existing documented editorial revision","true","true","false","false"
"https://cash4goldanddiamond.com/10k-gold-price-per-gram-at-a-pawn-shop-everything-you-need-to-know/","https://cash4goldanddiamond.com/10k-gold-price-per-gram-pawn-shop/","Existing documented editorial revision","true","true","false","false"
"https://cash4goldanddiamond.com/start-selling/","https://cash4goldanddiamond.com/start-selling-gold-and-diamonds/","Existing documented editorial revision","true","true","false","false"
"https://cash4goldanddiamond.com/sell-your-diamond/","https://cash4goldanddiamond.com/sell-your-diamonds-in-los-angeles/","Existing documented editorial revision","true","true","false","false"
"https://cash4goldanddiamond.com/free-diamond-appraisal-los-angeles/","https://cash4goldanddiamond.com/free-diamond-appraisal-same-day-cash/","Existing documented editorial revision","true","true","false","false"
"https://cash4goldanddiamond.com/tag/pawn-shop/","https://cash4goldanddiamond.com/tag/pawn-shop/","Existing documented editorial revision","false","false","false","true"
"https://cash4goldanddiamond.com/tag/sell-your-gold-at-pawn-shop/","https://cash4goldanddiamond.com/tag/sell-your-gold-at-pawn-shop/","Existing documented editorial revision","false","false","false","true"
"https://cash4goldanddiamond.com/uncategorized/","https://cash4goldanddiamond.com/uncategorized/","Existing documented editorial revision","false","false","false","false"
"https://cash4goldanddiamond.com/tag/14k-gold/","https://cash4goldanddiamond.com/tag/14k-gold/","Existing documented editorial revision","false","false","false","false"
"https://cash4goldanddiamond.com/cash-for-gold/","https://cash4goldanddiamond.com/cash-for-gold/","Existing documented editorial revision","false","false","false","false"
"https://cash4goldanddiamond.com/tag/14k-gold-price-per-gram/","https://cash4goldanddiamond.com/tag/14k-gold-price-per-gram/","Existing documented editorial revision","false","false","false","false"
"https://cash4goldanddiamond.com/tag/14k-gold-price/","https://cash4goldanddiamond.com/tag/14k-gold-price/","Existing documented editorial revision","false","false","false","false"
"https://cash4goldanddiamond.com/tag/14k-gold-value/","https://cash4goldanddiamond.com/tag/14k-gold-value/","Existing documented editorial revision","false","false","false","false"
"https://cash4goldanddiamond.com/tag/downtown-los-angeles-gold-buyer/","https://cash4goldanddiamond.com/tag/downtown-los-angeles-gold-buyer/","Existing documented editorial revision","false","false","false","false"
"https://cash4goldanddiamond.com/tag/sell-14k-gold/","https://cash4goldanddiamond.com/tag/sell-14k-gold/","Existing documented editorial revision","false","false","false","false"
"https://cash4goldanddiamond.com/tag/gold-price-per-gram/","https://cash4goldanddiamond.com/tag/gold-price-per-gram/","Existing documented editorial revision","false","false","false","false"
"https://cash4goldanddiamond.com/tag/gold-buyer-los-angeles/","https://cash4goldanddiamond.com/tag/gold-buyer-los-angeles/","Existing documented editorial revision","false","false","false","false"
"https://cash4goldanddiamond.com/tag/gold-buyers-los-angeles/","https://cash4goldanddiamond.com/tag/gold-buyers-los-angeles/","Existing documented editorial revision","false","false","false","false"
"https://cash4goldanddiamond.com/rolex-day-date-gold-market-2026-for-buyer/","https://cash4goldanddiamond.com/rolex-day-date-gold-market-analysis-2026-pricing-demand-trends/","Existing documented editorial revision","true","true","false","false"
"https://cash4goldanddiamond.com/tag/sell-gold-los-angeles/","https://cash4goldanddiamond.com/tag/sell-gold-los-angeles/","Existing documented editorial revision","false","false","false","false"
"https://cash4goldanddiamond.com/tag/gold-price/","https://cash4goldanddiamond.com/tag/gold-price/","Existing documented editorial revision","false","false","false","false"
"https://cash4goldanddiamond.com/tag/selling-gold/","https://cash4goldanddiamond.com/tag/selling-gold/","Existing documented editorial revision","false","false","false","false"
"https://cash4goldanddiamond.com/3727/","","Source error/non-HTML needs disposition","false","false","",""
"https://cash4goldanddiamond.com/tag/gold-purity/","https://cash4goldanddiamond.com/tag/gold-purity/","Existing documented editorial revision","false","false","false","false"
"https://cash4goldanddiamond.com/tag/gold-vlue/","https://cash4goldanddiamond.com/tag/gold-vlue/","Existing documented editorial revision","false","false","false","false"
"https://cash4goldanddiamond.com/sell-your-gold/","https://cash4goldanddiamond.com/sell-your-golds/","Existing documented editorial revision","true","true","false","false"
"https://cash4goldanddiamond.com/tag/scrap-gold/","https://cash4goldanddiamond.com/tag/scrap-gold/","Existing documented editorial revision","false","false","false","true"
"https://cash4goldanddiamond.com/how-to-spot-a-fake-rolex/","https://cash4goldanddiamond.com/how-to-spot-a-fake-rolex/","Existing documented editorial revision","false","false","false","false"
"https://cash4goldanddiamond.com/cash-for-gold-sell-your-gold-and-dramonds-usa/","https://cash4goldanddiamond.com/sell-gold-and-diamonds-online/","Existing documented editorial revision","true","true","false","false"
"https://cash4goldanddiamond.com/sell-gold-and-diamonds-online/","https://cash4goldanddiamond.com/sell-gold-and-diamonds-online/","Existing documented editorial revision","false","false","false","false"
"https://cash4goldanddiamond.com/tag/14k-gold-neckless/","https://cash4goldanddiamond.com/tag/14k-gold-neckless/","Existing documented editorial revision","false","false","false","true"
"https://cash4goldanddiamond.com/tag/gold-calculator/","https://cash4goldanddiamond.com/tag/gold-calculator/","Existing documented editorial revision","false","false","false","true"
"https://cash4goldanddiamond.com/tag/sell-your-scrap-gold/","https://cash4goldanddiamond.com/tag/sell-your-scrap-gold/","Existing documented editorial revision","false","false","false","true"
"https://cash4goldanddiamond.com/tag/gold-neckless/","https://cash4goldanddiamond.com/tag/gold-neckless/","Existing documented editorial revision","false","false","false","true"
"https://cash4goldanddiamond.com/tag/best-worth-of-your-gold/","https://cash4goldanddiamond.com/tag/best-worth-of-your-gold/","Existing documented editorial revision","false","false","false","false"
"https://cash4goldanddiamond.com/tag/neckless/","https://cash4goldanddiamond.com/tag/neckless/","Existing documented editorial revision","false","false","false","true"
"https://cash4goldanddiamond.com/tag/antique-gold/","https://cash4goldanddiamond.com/tag/antique-gold/","Existing documented editorial revision","false","false","false","false"
"https://cash4goldanddiamond.com/tag/diamond-watches/","https://cash4goldanddiamond.com/tag/diamond-watches/","Existing documented editorial revision","false","false","false","true"
"https://cash4goldanddiamond.com/fake-vs-real-rolex-how-to-spot-fake-rolex-in-easy-step/","https://cash4goldanddiamond.com/how-to-spot-a-fake-rolex/","Existing documented editorial revision","true","true","false","false"
"https://cash4goldanddiamond.com/tag/cash4goldanddiamond/","https://cash4goldanddiamond.com/tag/cash4goldanddiamond/","Existing documented editorial revision","false","false","false","false"
"https://cash4goldanddiamond.com/tag/sell-you-gold/","https://cash4goldanddiamond.com/tag/sell-you-gold/","Existing documented editorial revision","false","false","false","true"
"https://cash4goldanddiamond.com/tag/real-diamond-watches/","https://cash4goldanddiamond.com/tag/real-diamond-watches/","Existing documented editorial revision","false","false","false","false"
"https://cash4goldanddiamond.com/tag/se-your-antique-gold-jewelry/","https://cash4goldanddiamond.com/tag/se-your-antique-gold-jewelry/","Existing documented editorial revision","false","false","false","false"
"https://cash4goldanddiamond.com/tag/selling-gold-online/","https://cash4goldanddiamond.com/tag/selling-gold-online/","Existing documented editorial revision","false","false","false","true"
"https://cash4goldanddiamond.com/tag/sell-your-gold-online/","https://cash4goldanddiamond.com/tag/sell-your-gold-online/","Existing documented editorial revision","false","false","false","false"
"https://cash4goldanddiamond.com/tag/sell-your-gold-offline/","https://cash4goldanddiamond.com/tag/sell-your-gold-offline/","Existing documented editorial revision","false","false","false","false"
"https://cash4goldanddiamond.com/tag/diamond-ring/","https://cash4goldanddiamond.com/tag/diamond-ring/","Existing documented editorial revision","false","false","false","false"
"https://cash4goldanddiamond.com/tag/online-vs-offline-gold-selling/","https://cash4goldanddiamond.com/tag/online-vs-offline-gold-selling/","Existing documented editorial revision","false","false","false","false"
"https://cash4goldanddiamond.com/tag/best-real-diamond/","https://cash4goldanddiamond.com/tag/best-real-diamond/","Existing documented editorial revision","false","false","false","false"
"https://cash4goldanddiamond.com/tag/oval-diamond-ring/","https://cash4goldanddiamond.com/tag/oval-diamond-ring/","Existing documented editorial revision","false","false","false","false"
"https://cash4goldanddiamond.com/tag/3-5-carat-oval-diamond-ring/","https://cash4goldanddiamond.com/tag/3-5-carat-oval-diamond-ring/","Existing documented editorial revision","false","false","false","false"
"https://cash4goldanddiamond.com/tag/2-carat-diamond-price/","https://cash4goldanddiamond.com/tag/2-carat-diamond-price/","Existing documented editorial revision","false","false","false","false"
"https://cash4goldanddiamond.com/tag/wedding-diamond-ring/","https://cash4goldanddiamond.com/tag/wedding-diamond-ring/","Existing documented editorial revision","false","false","false","false"
"https://cash4goldanddiamond.com/tag/anniversary-diamond-ring/","https://cash4goldanddiamond.com/tag/anniversary-diamond-ring/","Existing documented editorial revision","false","false","false","false"
"https://cash4goldanddiamond.com/tag/2-carat-diamond-ring/","https://cash4goldanddiamond.com/tag/2-carat-diamond-ring/","Existing documented editorial revision","false","false","false","false"
"https://cash4goldanddiamond.com/author/","","Source error/non-HTML needs disposition","false","false","",""
"https://cash4goldanddiamond.com/tag/real-diamond-watches-for-men/","https://cash4goldanddiamond.com/tag/real-diamond-watches-for-men/","Existing documented editorial revision","false","false","false","false"
"https://cash4goldanddiamond.com/tag/top-7-real-diamond-watches/","https://cash4goldanddiamond.com/tag/top-7-real-diamond-watches/","Existing documented editorial revision","false","false","false","false"
"https://cash4goldanddiamond.com/tag/gold-ring/","https://cash4goldanddiamond.com/tag/gold-ring/","Existing documented editorial revision","false","false","false","true"
"https://cash4goldanddiamond.com/tag/10k-gold/","https://cash4goldanddiamond.com/tag/10k-gold/","Existing documented editorial revision","false","false","false","true"
"https://cash4goldanddiamond.com/tag/gold-worth/","https://cash4goldanddiamond.com/tag/gold-worth/","Existing documented editorial revision","false","false","false","true"
"https://cash4goldanddiamond.com/tag/sell-yout-gold/","https://cash4goldanddiamond.com/tag/sell-yout-gold/","Existing documented editorial revision","false","false","false","true"
"https://cash4goldanddiamond.com/author/navid-lalezari/page/4/","https://cash4goldanddiamond.com/author/navid-lalezari/page/4/","Existing documented editorial revision","false","false","false","false"
"https://cash4goldanddiamond.com/author/navid-lalezari/page/3/","https://cash4goldanddiamond.com/author/navid-lalezari/page/3/","Existing documented editorial revision","false","false","false","false"
"https://cash4goldanddiamond.com/author/navid-lalezari/page/2/","https://cash4goldanddiamond.com/author/navid-lalezari/page/2/","Existing documented editorial revision","false","false","false","false"
"https://cash4goldanddiamond.com/e-commerce-retail/page/2/","https://cash4goldanddiamond.com/e-commerce-retail/page/2/","Existing documented editorial revision","false","false","false","false"
"https://cash4goldanddiamond.com/e-commerce-retail/page/3/","https://cash4goldanddiamond.com/e-commerce-retail/page/3/","Existing documented editorial revision","false","false","false","false"
"https://cash4goldanddiamond.com/e-commerce-retail/page/10/","https://cash4goldanddiamond.com/e-commerce-retail/page/10/","Existing documented editorial revision","false","false","false","false"
"https://cash4goldanddiamond.com/author/navid-lalezari/page/11/","https://cash4goldanddiamond.com/author/navid-lalezari/page/11/","Existing documented editorial revision","false","false","false","false"
"https://cash4goldanddiamond.com/e-commerce-retail/page/4/","https://cash4goldanddiamond.com/e-commerce-retail/page/4/","Existing documented editorial revision","false","false","false","false"
"https://cash4goldanddiamond.com/tag/watches/","https://cash4goldanddiamond.com/tag/watches/","Existing documented editorial revision","false","false","false","false"
"https://cash4goldanddiamond.com/cash-for-gold/page/2/","https://cash4goldanddiamond.com/cash-for-gold/page/2/","Existing documented editorial revision","false","false","false","false"
"https://cash4goldanddiamond.com/tag/rolex-watches/","https://cash4goldanddiamond.com/tag/rolex-watches/","Existing documented editorial revision","false","false","false","false"
"https://cash4goldanddiamond.com/author/navid-lalezari/page/6/","https://cash4goldanddiamond.com/author/navid-lalezari/page/6/","Existing documented editorial revision","false","false","false","false"
"https://cash4goldanddiamond.com/author/navid-lalezari/page/1/","https://cash4goldanddiamond.com/author/navid-lalezari/","Existing documented editorial revision","true","true","false","false"
"https://cash4goldanddiamond.com/tag/fake-rolex-vs-real-rolex-spot-fake/","https://cash4goldanddiamond.com/tag/fake-rolex-vs-real-rolex-spot-fake/","Existing documented editorial revision","false","false","false","true"
"https://cash4goldanddiamond.com/e-commerce-retail/page/1/","https://cash4goldanddiamond.com/e-commerce-retail/","Existing documented editorial revision","true","true","false","false"
"https://cash4goldanddiamond.com/e-commerce-retail/page/5/","https://cash4goldanddiamond.com/e-commerce-retail/page/5/","Existing documented editorial revision","false","false","false","false"
"https://cash4goldanddiamond.com/author/navid-lalezari/page/5/","https://cash4goldanddiamond.com/author/navid-lalezari/page/5/","Existing documented editorial revision","false","false","false","false"
"https://cash4goldanddiamond.com/author/navid-lalezari/page/7/","https://cash4goldanddiamond.com/author/navid-lalezari/page/7/","Existing documented editorial revision","false","false","false","false"
"https://cash4goldanddiamond.com/e-commerce-retail/page/6/","https://cash4goldanddiamond.com/e-commerce-retail/page/6/","Existing documented editorial revision","false","false","false","false"
"https://cash4goldanddiamond.com/author/navid-lalezari/page/10/","https://cash4goldanddiamond.com/author/navid-lalezari/page/10/","Existing documented editorial revision","false","false","false","false"
"https://cash4goldanddiamond.com/e-commerce-retail/page/7/","https://cash4goldanddiamond.com/e-commerce-retail/page/7/","Existing documented editorial revision","false","false","false","false"
"https://cash4goldanddiamond.com/author/navid-lalezari/page/8/","https://cash4goldanddiamond.com/author/navid-lalezari/page/8/","Existing documented editorial revision","false","false","false","false"
"https://cash4goldanddiamond.com/e-commerce-retail/page/9/","https://cash4goldanddiamond.com/e-commerce-retail/page/9/","Existing documented editorial revision","false","false","false","false"
"https://cash4goldanddiamond.com/e-commerce-retail/page/8/","https://cash4goldanddiamond.com/e-commerce-retail/page/8/","Existing documented editorial revision","false","false","false","false"
"https://cash4goldanddiamond.com/cash-for-gold/page/1/","https://cash4goldanddiamond.com/cash-for-gold/","Existing documented editorial revision","true","true","false","false"
"https://cash4goldanddiamond.com/author/navid-lalezari/page/9/","https://cash4goldanddiamond.com/author/navid-lalezari/page/9/","Existing documented editorial revision","false","false","false","false"
"https://cash4goldanddiamond.com/best-gold-bars-2026-top-dealers-ranked/","https://cash4goldanddiamond.com/best-gold-bars-2026-top-dealers-ranked/","Existing documented editorial revision","false","false","false","false"
"https://cash4goldanddiamond.com/best-gold-buyers-los-angeles/","","Source error/non-HTML needs disposition","false","false","",""
"https://cash4goldanddiamond.com/best-gold-jewelry-buyers-los-angeles-2026/","https://cash4goldanddiamond.com/best-gold-jewelry-buyers-los-angeles-2026/","Existing documented editorial revision","false","false","true","false"